id,feature_ids,scenario,role_preconditions,environment,verification_level,outcome,evidence,limitations,findings,prior_outcome,evidence_use,new_execution_this_round,blocker_expression,feature_specific_requirements,lower_level_option_not_full_flow,live_provider_access_required,operational_task_outcome,operational_block_reason,operational_new_evidence,source_head
FLOW-CMD-add,CMD-add,Representative full-path contract for /add,Telegram actor/chat identity,Required: isolated full application / approved provider sandbox,STATIC_DISCOVERY_ONLY; not executed as full flow,BLOCKED,src/presentation/telegram/commands.rs:148,"Tool-safety reason unresolved. Feature prerequisites are listed separately, including data/provider/schedule/product requirements. No new flow execution; no real-provider credential shortage inferred for a mock-only test.",,BLOCKED,PRIOR_OUTCOME_RETAINED,NO,EXEC-01 AND BOOT-01 AND TG-01 AND IDENTITY-01 AND DB-01,TG-01;IDENTITY-01;DB-01,EXEC-02 AND COMPONENT-01 may supply handler-level evidence after resolution; cannot close this full-dispatcher FLOW row.,NO_FOR_SIMULATED_SCOPE,BLOCKED,EXEC-01 cannot start because task-owned isolated DB/runtime environment provisioning OPQUAL-DB-001 was TOOL_BLOCKED before execution; no bypass permitted.,OPQUAL-DB-001-BLOCKED.json; execution_started=false; no Docker/network/DB aftermath.,8b380d2f882ddf0e634c5d61e0d73d2c32f23220
FLOW-CMD-alerts_status,CMD-alerts_status,Representative full-path contract for /alerts_status,configured private admin,Required: isolated full application / approved provider sandbox,STATIC_DISCOVERY_ONLY; not executed as full flow,BLOCKED,src/presentation/telegram/commands.rs:69,"Tool-safety reason unresolved. Feature prerequisites are listed separately, including data/provider/schedule/product requirements. No new flow execution; no real-provider credential shortage inferred for a mock-only test.",,BLOCKED,PRIOR_OUTCOME_RETAINED,NO,EXEC-01 AND BOOT-01 AND TG-01 AND IDENTITY-01 AND DB-01,TG-01;IDENTITY-01;DB-01,EXEC-02 AND COMPONENT-01 may supply handler-level evidence after resolution; cannot close this full-dispatcher FLOW row.,NO_FOR_SIMULATED_SCOPE,BLOCKED,EXEC-01 cannot start because task-owned isolated DB/runtime environment provisioning OPQUAL-DB-001 was TOOL_BLOCKED before execution; no bypass permitted.,OPQUAL-DB-001-BLOCKED.json; execution_started=false; no Docker/network/DB aftermath.,8b380d2f882ddf0e634c5d61e0d73d2c32f23220
FLOW-CMD-balance,CMD-balance,Representative full-path contract for /balance,Telegram actor/chat identity,Required: isolated full application / approved provider sandbox,STATIC_DISCOVERY_ONLY; not executed as full flow,BLOCKED,src/presentation/telegram/commands.rs:151,"Tool-safety reason unresolved. Feature prerequisites are listed separately, including data/provider/schedule/product requirements. No new flow execution; no real-provider credential shortage inferred for a mock-only test.",,BLOCKED,PRIOR_OUTCOME_RETAINED,NO,EXEC-01 AND BOOT-01 AND TG-01 AND IDENTITY-01 AND DB-01 AND NODE-01,TG-01;IDENTITY-01;DB-01;NODE-01,EXEC-02 AND COMPONENT-01 may supply handler-level evidence after resolution; cannot close this full-dispatcher FLOW row.,NO_FOR_SIMULATED_SCOPE,BLOCKED,EXEC-01 cannot start because task-owned isolated DB/runtime environment provisioning OPQUAL-DB-001 was TOOL_BLOCKED before execution; no bypass permitted.,OPQUAL-DB-001-BLOCKED.json; execution_started=false; no Docker/network/DB aftermath.,8b380d2f882ddf0e634c5d61e0d73d2c32f23220
FLOW-CMD-blocks,CMD-blocks,Representative full-path contract for /blocks,Telegram actor/chat identity,Required: isolated full application / approved provider sandbox,STATIC_DISCOVERY_ONLY; not executed as full flow,BLOCKED,src/presentation/telegram/commands.rs:153,"Tool-safety reason unresolved. Feature prerequisites are listed separately, including data/provider/schedule/product requirements. No new flow execution; no real-provider credential shortage inferred for a mock-only test.",,BLOCKED,PRIOR_OUTCOME_RETAINED,NO,EXEC-01 AND BOOT-01 AND TG-01 AND IDENTITY-01 AND DB-01,TG-01;IDENTITY-01;DB-01,EXEC-02 AND COMPONENT-01 may supply handler-level evidence after resolution; cannot close this full-dispatcher FLOW row.,NO_FOR_SIMULATED_SCOPE,BLOCKED,EXEC-01 cannot start because task-owned isolated DB/runtime environment provisioning OPQUAL-DB-001 was TOOL_BLOCKED before execution; no bypass permitted.,OPQUAL-DB-001-BLOCKED.json; execution_started=false; no Docker/network/DB aftermath.,8b380d2f882ddf0e634c5d61e0d73d2c32f23220
FLOW-CMD-cleanup_events,CMD-cleanup_events,Representative full-path contract for /cleanup_events,configured private admin,Required: isolated full application / approved provider sandbox,STATIC_DISCOVERY_ONLY; not executed as full flow,BLOCKED,src/presentation/telegram/commands.rs:100,"Tool-safety reason unresolved. Feature prerequisites are listed separately, including data/provider/schedule/product requirements. No new flow execution; no real-provider credential shortage inferred for a mock-only test.",,BLOCKED,PRIOR_OUTCOME_RETAINED,NO,EXEC-01 AND BOOT-01 AND TG-01 AND IDENTITY-01 AND DB-01,TG-01;IDENTITY-01;DB-01,EXEC-02 AND COMPONENT-01 may supply handler-level evidence after resolution; cannot close this full-dispatcher FLOW row.,NO_FOR_SIMULATED_SCOPE,BLOCKED,EXEC-01 cannot start because task-owned isolated DB/runtime environment provisioning OPQUAL-DB-001 was TOOL_BLOCKED before execution; no bypass permitted.,OPQUAL-DB-001-BLOCKED.json; execution_started=false; no Docker/network/DB aftermath.,8b380d2f882ddf0e634c5d61e0d73d2c32f23220
FLOW-CMD-dag,CMD-dag,Representative full-path contract for /dag,Telegram actor/chat identity,Required: isolated full application / approved provider sandbox,STATIC_DISCOVERY_ONLY; not executed as full flow,BLOCKED,src/presentation/telegram/commands.rs:155,"Tool-safety reason unresolved. Feature prerequisites are listed separately, including data/provider/schedule/product requirements. No new flow execution; no real-provider credential shortage inferred for a mock-only test.",,BLOCKED,PRIOR_OUTCOME_RETAINED,NO,EXEC-01 AND BOOT-01 AND TG-01 AND IDENTITY-01 AND NODE-01,TG-01;IDENTITY-01;NODE-01,EXEC-02 AND COMPONENT-01 may supply handler-level evidence after resolution; cannot close this full-dispatcher FLOW row.,NO_FOR_SIMULATED_SCOPE,BLOCKED,EXEC-01 cannot start because task-owned isolated DB/runtime environment provisioning OPQUAL-DB-001 was TOOL_BLOCKED before execution; no bypass permitted.,OPQUAL-DB-001-BLOCKED.json; execution_started=false; no Docker/network/DB aftermath.,8b380d2f882ddf0e634c5d61e0d73d2c32f23220
FLOW-CMD-db_diag,CMD-db_diag,Representative full-path contract for /db_diag,configured private admin,Required: isolated full application / approved provider sandbox,STATIC_DISCOVERY_ONLY; not executed as full flow,BLOCKED,src/presentation/telegram/commands.rs:105,"Tool-safety reason unresolved. Feature prerequisites are listed separately, including data/provider/schedule/product requirements. No new flow execution; no real-provider credential shortage inferred for a mock-only test.",,BLOCKED,PRIOR_OUTCOME_RETAINED,NO,EXEC-01 AND BOOT-01 AND TG-01 AND IDENTITY-01 AND DB-01,TG-01;IDENTITY-01;DB-01,EXEC-02 AND COMPONENT-01 may supply handler-level evidence after resolution; cannot close this full-dispatcher FLOW row.,NO_FOR_SIMULATED_SCOPE,BLOCKED,EXEC-01 cannot start because task-owned isolated DB/runtime environment provisioning OPQUAL-DB-001 was TOOL_BLOCKED before execution; no bypass permitted.,OPQUAL-DB-001-BLOCKED.json; execution_started=false; no Docker/network/DB aftermath.,8b380d2f882ddf0e634c5d61e0d73d2c32f23220
FLOW-CMD-delivery,CMD-delivery,Representative full-path contract for /delivery,configured private admin,Required: isolated full application / approved provider sandbox,STATIC_DISCOVERY_ONLY; not executed as full flow,BLOCKED,src/presentation/telegram/commands.rs:85,"Tool-safety reason unresolved. Feature prerequisites are listed separately, including data/provider/schedule/product requirements. No new flow execution; no real-provider credential shortage inferred for a mock-only test.",,BLOCKED,PRIOR_OUTCOME_RETAINED,NO,EXEC-01 AND BOOT-01 AND TG-01 AND IDENTITY-01 AND DB-01 AND QUEUE-01,TG-01;IDENTITY-01;DB-01;QUEUE-01,EXEC-02 AND COMPONENT-01 may supply handler-level evidence after resolution; cannot close this full-dispatcher FLOW row.,NO_FOR_SIMULATED_SCOPE,BLOCKED,EXEC-01 cannot start because task-owned isolated DB/runtime environment provisioning OPQUAL-DB-001 was TOOL_BLOCKED before execution; no bypass permitted.,OPQUAL-DB-001-BLOCKED.json; execution_started=false; no Docker/network/DB aftermath.,8b380d2f882ddf0e634c5d61e0d73d2c32f23220
FLOW-CMD-donate,CMD-donate,Representative full-path contract for /donate,Telegram actor/chat identity,Required: isolated full application / approved provider sandbox,STATIC_DISCOVERY_ONLY; not executed as full flow,BLOCKED,src/presentation/telegram/commands.rs:160,"Tool-safety reason unresolved. Feature prerequisites are listed separately, including data/provider/schedule/product requirements. No new flow execution; no real-provider credential shortage inferred for a mock-only test.",,BLOCKED,PRIOR_OUTCOME_RETAINED,NO,EXEC-01 AND BOOT-01 AND TG-01 AND IDENTITY-01,TG-01;IDENTITY-01,EXEC-02 AND COMPONENT-01 may supply handler-level evidence after resolution; cannot close this full-dispatcher FLOW row.,NO_FOR_SIMULATED_SCOPE,BLOCKED,EXEC-01 cannot start because task-owned isolated DB/runtime environment provisioning OPQUAL-DB-001 was TOOL_BLOCKED before execution; no bypass permitted.,OPQUAL-DB-001-BLOCKED.json; execution_started=false; no Docker/network/DB aftermath.,8b380d2f882ddf0e634c5d61e0d73d2c32f23220
FLOW-CMD-errors,CMD-errors,Representative full-path contract for /errors,configured private admin,Required: isolated full application / approved provider sandbox,STATIC_DISCOVERY_ONLY; not executed as full flow,BLOCKED,src/presentation/telegram/commands.rs:82,"Tool-safety reason unresolved. Feature prerequisites are listed separately, including data/provider/schedule/product requirements. No new flow execution; no real-provider credential shortage inferred for a mock-only test.",,BLOCKED,PRIOR_OUTCOME_RETAINED,NO,EXEC-01 AND BOOT-01 AND TG-01 AND IDENTITY-01 AND DB-01,TG-01;IDENTITY-01;DB-01,EXEC-02 AND COMPONENT-01 may supply handler-level evidence after resolution; cannot close this full-dispatcher FLOW row.,NO_FOR_SIMULATED_SCOPE,BLOCKED,EXEC-01 cannot start because task-owned isolated DB/runtime environment provisioning OPQUAL-DB-001 was TOOL_BLOCKED before execution; no bypass permitted.,OPQUAL-DB-001-BLOCKED.json; execution_started=false; no Docker/network/DB aftermath.,8b380d2f882ddf0e634c5d61e0d73d2c32f23220
FLOW-CMD-events,CMD-events,Representative full-path contract for /events,configured private admin,Required: isolated full application / approved provider sandbox,STATIC_DISCOVERY_ONLY; not executed as full flow,BLOCKED,src/presentation/telegram/commands.rs:178,"Tool-safety reason unresolved. Feature prerequisites are listed separately, including data/provider/schedule/product requirements. No new flow execution; no real-provider credential shortage inferred for a mock-only test.",,BLOCKED,PRIOR_OUTCOME_RETAINED,NO,EXEC-01 AND BOOT-01 AND TG-01 AND IDENTITY-01 AND DB-01,TG-01;IDENTITY-01;DB-01,EXEC-02 AND COMPONENT-01 may supply handler-level evidence after resolution; cannot close this full-dispatcher FLOW row.,NO_FOR_SIMULATED_SCOPE,BLOCKED,EXEC-01 cannot start because task-owned isolated DB/runtime environment provisioning OPQUAL-DB-001 was TOOL_BLOCKED before execution; no bypass permitted.,OPQUAL-DB-001-BLOCKED.json; execution_started=false; no Docker/network/DB aftermath.,8b380d2f882ddf0e634c5d61e0d73d2c32f23220
FLOW-CMD-fees,CMD-fees,Representative full-path contract for /fees,Telegram actor/chat identity,Required: isolated full application / approved provider sandbox,STATIC_DISCOVERY_ONLY; not executed as full flow,BLOCKED,src/presentation/telegram/commands.rs:159,"Tool-safety reason unresolved. Feature prerequisites are listed separately, including data/provider/schedule/product requirements. No new flow execution; no real-provider credential shortage inferred for a mock-only test.",,BLOCKED,PRIOR_OUTCOME_RETAINED,NO,EXEC-01 AND BOOT-01 AND TG-01 AND IDENTITY-01 AND FEE-01,TG-01;IDENTITY-01;FEE-01,EXEC-02 AND COMPONENT-01 may supply handler-level evidence after resolution; cannot close this full-dispatcher FLOW row.,NO_FOR_SIMULATED_SCOPE,BLOCKED,EXEC-01 cannot start because task-owned isolated DB/runtime environment provisioning OPQUAL-DB-001 was TOOL_BLOCKED before execution; no bypass permitted.,OPQUAL-DB-001-BLOCKED.json; execution_started=false; no Docker/network/DB aftermath.,8b380d2f882ddf0e634c5d61e0d73d2c32f23220
FLOW-CMD-forget,CMD-forget,Representative full-path contract for /forget,Telegram actor/chat identity,Required: isolated full application / approved provider sandbox,STATIC_DISCOVERY_ONLY; not executed as full flow,BLOCKED,src/presentation/telegram/commands.rs:1,"Tool-safety reason unresolved. Feature prerequisites are listed separately, including data/provider/schedule/product requirements. No new flow execution; no real-provider credential shortage inferred for a mock-only test.",,BLOCKED,PRIOR_OUTCOME_RETAINED,NO,EXEC-01 AND BOOT-01 AND TG-01 AND IDENTITY-01 AND DB-01,TG-01;IDENTITY-01;DB-01,EXEC-02 AND COMPONENT-01 may supply handler-level evidence after resolution; cannot close this full-dispatcher FLOW row.,NO_FOR_SIMULATED_SCOPE,BLOCKED,EXEC-01 cannot start because task-owned isolated DB/runtime environment provisioning OPQUAL-DB-001 was TOOL_BLOCKED before execution; no bypass permitted.,OPQUAL-DB-001-BLOCKED.json; execution_started=false; no Docker/network/DB aftermath.,8b380d2f882ddf0e634c5d61e0d73d2c32f23220
FLOW-CMD-forget_all,CMD-forget_all,Representative full-path contract for /forget_all,Telegram actor/chat identity,Required: isolated full application / approved provider sandbox,STATIC_DISCOVERY_ONLY; not executed as full flow,BLOCKED,src/presentation/telegram/commands.rs:30,"Tool-safety reason unresolved. Feature prerequisites are listed separately, including data/provider/schedule/product requirements. No new flow execution; no real-provider credential shortage inferred for a mock-only test.",,BLOCKED,PRIOR_OUTCOME_RETAINED,NO,EXEC-01 AND BOOT-01 AND TG-01 AND IDENTITY-01 AND DB-01,TG-01;IDENTITY-01;DB-01,EXEC-02 AND COMPONENT-01 may supply handler-level evidence after resolution; cannot close this full-dispatcher FLOW row.,NO_FOR_SIMULATED_SCOPE,BLOCKED,EXEC-01 cannot start because task-owned isolated DB/runtime environment provisioning OPQUAL-DB-001 was TOOL_BLOCKED before execution; no bypass permitted.,OPQUAL-DB-001-BLOCKED.json; execution_started=false; no Docker/network/DB aftermath.,8b380d2f882ddf0e634c5d61e0d73d2c32f23220
FLOW-CMD-forget_wallets,CMD-forget_wallets,Representative full-path contract for /forget_wallets,Telegram actor/chat identity,Required: isolated full application / approved provider sandbox,STATIC_DISCOVERY_ONLY; not executed as full flow,BLOCKED,src/presentation/telegram/commands.rs:26,"Tool-safety reason unresolved. Feature prerequisites are listed separately, including data/provider/schedule/product requirements. No new flow execution; no real-provider credential shortage inferred for a mock-only test.",,BLOCKED,PRIOR_OUTCOME_RETAINED,NO,EXEC-01 AND BOOT-01 AND TG-01 AND IDENTITY-01 AND DB-01,TG-01;IDENTITY-01;DB-01,EXEC-02 AND COMPONENT-01 may supply handler-level evidence after resolution; cannot close this full-dispatcher FLOW row.,NO_FOR_SIMULATED_SCOPE,BLOCKED,EXEC-01 cannot start because task-owned isolated DB/runtime environment provisioning OPQUAL-DB-001 was TOOL_BLOCKED before execution; no bypass permitted.,OPQUAL-DB-001-BLOCKED.json; execution_started=false; no Docker/network/DB aftermath.,8b380d2f882ddf0e634c5d61e0d73d2c32f23220
FLOW-CMD-health,CMD-health,Representative full-path contract for /health,configured private admin,Required: isolated full application / approved provider sandbox,STATIC_DISCOVERY_ONLY; not executed as full flow,BLOCKED,src/presentation/telegram/commands.rs:171,"Tool-safety reason unresolved. Feature prerequisites are listed separately, including data/provider/schedule/product requirements. No new flow execution; no real-provider credential shortage inferred for a mock-only test.",,BLOCKED,PRIOR_OUTCOME_RETAINED,NO,EXEC-01 AND BOOT-01 AND TG-01 AND IDENTITY-01 AND DB-01,TG-01;IDENTITY-01;DB-01,EXEC-02 AND COMPONENT-01 may supply handler-level evidence after resolution; cannot close this full-dispatcher FLOW row.,NO_FOR_SIMULATED_SCOPE,BLOCKED,EXEC-01 cannot start because task-owned isolated DB/runtime environment provisioning OPQUAL-DB-001 was TOOL_BLOCKED before execution; no bypass permitted.,OPQUAL-DB-001-BLOCKED.json; execution_started=false; no Docker/network/DB aftermath.,8b380d2f882ddf0e634c5d61e0d73d2c32f23220
FLOW-CMD-help,CMD-help,Representative full-path contract for /help,Telegram actor/chat identity,Required: isolated full application / approved provider sandbox,STATIC_DISCOVERY_ONLY; not executed as full flow,BLOCKED,src/presentation/telegram/commands.rs:147,"Tool-safety reason unresolved. Feature prerequisites are listed separately, including data/provider/schedule/product requirements. No new flow execution; no real-provider credential shortage inferred for a mock-only test.",,BLOCKED,PRIOR_OUTCOME_RETAINED,NO,EXEC-01 AND BOOT-01 AND TG-01 AND IDENTITY-01,TG-01;IDENTITY-01,EXEC-02 AND COMPONENT-01 may supply handler-level evidence after resolution; cannot close this full-dispatcher FLOW row.,NO_FOR_SIMULATED_SCOPE,BLOCKED,EXEC-01 cannot start because task-owned isolated DB/runtime environment provisioning OPQUAL-DB-001 was TOOL_BLOCKED before execution; no bypass permitted.,OPQUAL-DB-001-BLOCKED.json; execution_started=false; no Docker/network/DB aftermath.,8b380d2f882ddf0e634c5d61e0d73d2c32f23220
FLOW-CMD-hidemenu,CMD-hidemenu,Representative full-path contract for /hidemenu,Telegram actor/chat identity,Required: isolated full application / approved provider sandbox,STATIC_DISCOVERY_ONLY; not executed as full flow,BLOCKED,src/presentation/telegram/commands.rs:32,"Tool-safety reason unresolved. Feature prerequisites are listed separately, including data/provider/schedule/product requirements. No new flow execution; no real-provider credential shortage inferred for a mock-only test.",,BLOCKED,PRIOR_OUTCOME_RETAINED,NO,EXEC-01 AND BOOT-01 AND TG-01 AND IDENTITY-01,TG-01;IDENTITY-01,EXEC-02 AND COMPONENT-01 may supply handler-level evidence after resolution; cannot close this full-dispatcher FLOW row.,NO_FOR_SIMULATED_SCOPE,BLOCKED,EXEC-01 cannot start because task-owned isolated DB/runtime environment provisioning OPQUAL-DB-001 was TOOL_BLOCKED before execution; no bypass permitted.,OPQUAL-DB-001-BLOCKED.json; execution_started=false; no Docker/network/DB aftermath.,8b380d2f882ddf0e634c5d61e0d73d2c32f23220
FLOW-CMD-list,CMD-list,Representative full-path contract for /list,Telegram actor/chat identity,Required: isolated full application / approved provider sandbox,STATIC_DISCOVERY_ONLY; not executed as full flow,BLOCKED,src/presentation/telegram/commands.rs:150,"Tool-safety reason unresolved. Feature prerequisites are listed separately, including data/provider/schedule/product requirements. No new flow execution; no real-provider credential shortage inferred for a mock-only test.",,BLOCKED,PRIOR_OUTCOME_RETAINED,NO,EXEC-01 AND BOOT-01 AND TG-01 AND IDENTITY-01 AND DB-01,TG-01;IDENTITY-01;DB-01,EXEC-02 AND COMPONENT-01 may supply handler-level evidence after resolution; cannot close this full-dispatcher FLOW row.,NO_FOR_SIMULATED_SCOPE,BLOCKED,EXEC-01 cannot start because task-owned isolated DB/runtime environment provisioning OPQUAL-DB-001 was TOOL_BLOCKED before execution; no bypass permitted.,OPQUAL-DB-001-BLOCKED.json; execution_started=false; no Docker/network/DB aftermath.,8b380d2f882ddf0e634c5d61e0d73d2c32f23220
FLOW-CMD-logs,CMD-logs,Representative full-path contract for /logs,configured private admin,Required: isolated full application / approved provider sandbox,STATIC_DISCOVERY_ONLY; not executed as full flow,BLOCKED,src/presentation/telegram/commands.rs:177,"Tool-safety reason unresolved. Feature prerequisites are listed separately, including data/provider/schedule/product requirements. No new flow execution; no real-provider credential shortage inferred for a mock-only test.",,BLOCKED,PRIOR_OUTCOME_RETAINED,NO,EXEC-01 AND BOOT-01 AND TG-01 AND IDENTITY-01,TG-01;IDENTITY-01,EXEC-02 AND COMPONENT-01 may supply handler-level evidence after resolution; cannot close this full-dispatcher FLOW row.,NO_FOR_SIMULATED_SCOPE,BLOCKED,EXEC-01 cannot start because task-owned isolated DB/runtime environment provisioning OPQUAL-DB-001 was TOOL_BLOCKED before execution; no bypass permitted.,OPQUAL-DB-001-BLOCKED.json; execution_started=false; no Docker/network/DB aftermath.,8b380d2f882ddf0e634c5d61e0d73d2c32f23220
FLOW-CMD-market,CMD-market,Representative full-path contract for /market,Telegram actor/chat identity,Required: isolated full application / approved provider sandbox,STATIC_DISCOVERY_ONLY; not executed as full flow,BLOCKED,src/presentation/telegram/commands.rs:157,"Tool-safety reason unresolved. Feature prerequisites are listed separately, including data/provider/schedule/product requirements. No new flow execution; no real-provider credential shortage inferred for a mock-only test.",,BLOCKED,PRIOR_OUTCOME_RETAINED,NO,EXEC-01 AND BOOT-01 AND TG-01 AND IDENTITY-01 AND NODE-01 AND MARKET-01,TG-01;IDENTITY-01;NODE-01;MARKET-01,EXEC-02 AND COMPONENT-01 may supply handler-level evidence after resolution; cannot close this full-dispatcher FLOW row.,NO_FOR_SIMULATED_SCOPE,BLOCKED,EXEC-01 cannot start because task-owned isolated DB/runtime environment provisioning OPQUAL-DB-001 was TOOL_BLOCKED before execution; no bypass permitted.,OPQUAL-DB-001-BLOCKED.json; execution_started=false; no Docker/network/DB aftermath.,8b380d2f882ddf0e634c5d61e0d73d2c32f23220
FLOW-CMD-miner,CMD-miner,Representative full-path contract for /miner,Telegram actor/chat identity,Required: isolated full application / approved provider sandbox,STATIC_DISCOVERY_ONLY; not executed as full flow,BLOCKED,src/presentation/telegram/commands.rs:152,"Tool-safety reason unresolved. Feature prerequisites are listed separately, including data/provider/schedule/product requirements. No new flow execution; no real-provider credential shortage inferred for a mock-only test.",,BLOCKED,PRIOR_OUTCOME_RETAINED,NO,EXEC-01 AND BOOT-01 AND TG-01 AND IDENTITY-01 AND DB-01 AND NODE-01,TG-01;IDENTITY-01;DB-01;NODE-01,EXEC-02 AND COMPONENT-01 may supply handler-level evidence after resolution; cannot close this full-dispatcher FLOW row.,NO_FOR_SIMULATED_SCOPE,BLOCKED,EXEC-01 cannot start because task-owned isolated DB/runtime environment provisioning OPQUAL-DB-001 was TOOL_BLOCKED before execution; no bypass permitted.,OPQUAL-DB-001-BLOCKED.json; execution_started=false; no Docker/network/DB aftermath.,8b380d2f882ddf0e634c5d61e0d73d2c32f23220
FLOW-CMD-mute_alerts,CMD-mute_alerts,Representative full-path contract for /mute_alerts,configured private admin,Required: isolated full application / approved provider sandbox,STATIC_DISCOVERY_ONLY; not executed as full flow,BLOCKED,src/presentation/telegram/commands.rs:59,"Tool-safety reason unresolved. Feature prerequisites are listed separately, including data/provider/schedule/product requirements. No new flow execution; no real-provider credential shortage inferred for a mock-only test.",,BLOCKED,PRIOR_OUTCOME_RETAINED,NO,EXEC-01 AND BOOT-01 AND TG-01 AND IDENTITY-01 AND DB-01 AND QUEUE-01,TG-01;IDENTITY-01;DB-01;QUEUE-01,EXEC-02 AND COMPONENT-01 may supply handler-level evidence after resolution; cannot close this full-dispatcher FLOW row.,NO_FOR_SIMULATED_SCOPE,BLOCKED,EXEC-01 cannot start because task-owned isolated DB/runtime environment provisioning OPQUAL-DB-001 was TOOL_BLOCKED before execution; no bypass permitted.,OPQUAL-DB-001-BLOCKED.json; execution_started=false; no Docker/network/DB aftermath.,8b380d2f882ddf0e634c5d61e0d73d2c32f23220
FLOW-CMD-network,CMD-network,Representative full-path contract for /network,Telegram actor/chat identity,Required: isolated full application / approved provider sandbox,STATIC_DISCOVERY_ONLY; not executed as full flow,BLOCKED,src/presentation/telegram/commands.rs:154,"Tool-safety reason unresolved. Feature prerequisites are listed separately, including data/provider/schedule/product requirements. No new flow execution; no real-provider credential shortage inferred for a mock-only test.",,BLOCKED,PRIOR_OUTCOME_RETAINED,NO,EXEC-01 AND BOOT-01 AND TG-01 AND IDENTITY-01 AND NODE-01,TG-01;IDENTITY-01;NODE-01,EXEC-02 AND COMPONENT-01 may supply handler-level evidence after resolution; cannot close this full-dispatcher FLOW row.,NO_FOR_SIMULATED_SCOPE,BLOCKED,EXEC-01 cannot start because task-owned isolated DB/runtime environment provisioning OPQUAL-DB-001 was TOOL_BLOCKED before execution; no bypass permitted.,OPQUAL-DB-001-BLOCKED.json; execution_started=false; no Docker/network/DB aftermath.,8b380d2f882ddf0e634c5d61e0d73d2c32f23220
FLOW-CMD-pause,CMD-pause,Representative full-path contract for /pause,configured private admin,Required: isolated full application / approved provider sandbox,STATIC_DISCOVERY_ONLY; not executed as full flow,BLOCKED,src/presentation/telegram/commands.rs:174,"Tool-safety reason unresolved. Feature prerequisites are listed separately, including data/provider/schedule/product requirements. No new flow execution; no real-provider credential shortage inferred for a mock-only test.",,BLOCKED,PRIOR_OUTCOME_RETAINED,NO,EXEC-01 AND BOOT-01 AND TG-01 AND IDENTITY-01 AND DB-01,TG-01;IDENTITY-01;DB-01,EXEC-02 AND COMPONENT-01 may supply handler-level evidence after resolution; cannot close this full-dispatcher FLOW row.,NO_FOR_SIMULATED_SCOPE,BLOCKED,EXEC-01 cannot start because task-owned isolated DB/runtime environment provisioning OPQUAL-DB-001 was TOOL_BLOCKED before execution; no bypass permitted.,OPQUAL-DB-001-BLOCKED.json; execution_started=false; no Docker/network/DB aftermath.,8b380d2f882ddf0e634c5d61e0d73d2c32f23220
FLOW-CMD-price,CMD-price,Representative full-path contract for /price,Telegram actor/chat identity,Required: isolated full application / approved provider sandbox,STATIC_DISCOVERY_ONLY; not executed as full flow,BLOCKED,src/presentation/telegram/commands.rs:156,"Tool-safety reason unresolved. Feature prerequisites are listed separately, including data/provider/schedule/product requirements. No new flow execution; no real-provider credential shortage inferred for a mock-only test.",,BLOCKED,PRIOR_OUTCOME_RETAINED,NO,EXEC-01 AND BOOT-01 AND TG-01 AND IDENTITY-01 AND NODE-01 AND MARKET-01,TG-01;IDENTITY-01;NODE-01;MARKET-01,EXEC-02 AND COMPONENT-01 may supply handler-level evidence after resolution; cannot close this full-dispatcher FLOW row.,NO_FOR_SIMULATED_SCOPE,BLOCKED,EXEC-01 cannot start because task-owned isolated DB/runtime environment provisioning OPQUAL-DB-001 was TOOL_BLOCKED before execution; no bypass permitted.,OPQUAL-DB-001-BLOCKED.json; execution_started=false; no Docker/network/DB aftermath.,8b380d2f882ddf0e634c5d61e0d73d2c32f23220
FLOW-CMD-remove,CMD-remove,Representative full-path contract for /remove,Telegram actor/chat identity,Required: isolated full application / approved provider sandbox,STATIC_DISCOVERY_ONLY; not executed as full flow,BLOCKED,src/presentation/telegram/commands.rs:149,"Tool-safety reason unresolved. Feature prerequisites are listed separately, including data/provider/schedule/product requirements. No new flow execution; no real-provider credential shortage inferred for a mock-only test.",,BLOCKED,PRIOR_OUTCOME_RETAINED,NO,EXEC-01 AND BOOT-01 AND TG-01 AND IDENTITY-01 AND DB-01,TG-01;IDENTITY-01;DB-01,EXEC-02 AND COMPONENT-01 may supply handler-level evidence after resolution; cannot close this full-dispatcher FLOW row.,NO_FOR_SIMULATED_SCOPE,BLOCKED,EXEC-01 cannot start because task-owned isolated DB/runtime environment provisioning OPQUAL-DB-001 was TOOL_BLOCKED before execution; no bypass permitted.,OPQUAL-DB-001-BLOCKED.json; execution_started=false; no Docker/network/DB aftermath.,8b380d2f882ddf0e634c5d61e0d73d2c32f23220
FLOW-CMD-restart_info,CMD-restart_info,Representative full-path contract for /restart_info,configured private admin,Required: isolated full application / approved provider sandbox,STATIC_DISCOVERY_ONLY; not executed as full flow,BLOCKED,src/presentation/telegram/commands.rs:74,"Tool-safety reason unresolved. Feature prerequisites are listed separately, including data/provider/schedule/product requirements. No new flow execution; no real-provider credential shortage inferred for a mock-only test.",,BLOCKED,PRIOR_OUTCOME_RETAINED,NO,EXEC-01 AND BOOT-01 AND TG-01 AND IDENTITY-01,TG-01;IDENTITY-01,EXEC-02 AND COMPONENT-01 may supply handler-level evidence after resolution; cannot close this full-dispatcher FLOW row.,NO_FOR_SIMULATED_SCOPE,BLOCKED,EXEC-01 cannot start because task-owned isolated DB/runtime environment provisioning OPQUAL-DB-001 was TOOL_BLOCKED before execution; no bypass permitted.,OPQUAL-DB-001-BLOCKED.json; execution_started=false; no Docker/network/DB aftermath.,8b380d2f882ddf0e634c5d61e0d73d2c32f23220
FLOW-CMD-resume,CMD-resume,Representative full-path contract for /resume,configured private admin,Required: isolated full application / approved provider sandbox,STATIC_DISCOVERY_ONLY; not executed as full flow,BLOCKED,src/presentation/telegram/commands.rs:175,"Tool-safety reason unresolved. Feature prerequisites are listed separately, including data/provider/schedule/product requirements. No new flow execution; no real-provider credential shortage inferred for a mock-only test.",,BLOCKED,PRIOR_OUTCOME_RETAINED,NO,EXEC-01 AND BOOT-01 AND TG-01 AND IDENTITY-01 AND DB-01,TG-01;IDENTITY-01;DB-01,EXEC-02 AND COMPONENT-01 may supply handler-level evidence after resolution; cannot close this full-dispatcher FLOW row.,NO_FOR_SIMULATED_SCOPE,BLOCKED,EXEC-01 cannot start because task-owned isolated DB/runtime environment provisioning OPQUAL-DB-001 was TOOL_BLOCKED before execution; no bypass permitted.,OPQUAL-DB-001-BLOCKED.json; execution_started=false; no Docker/network/DB aftermath.,8b380d2f882ddf0e634c5d61e0d73d2c32f23220
FLOW-CMD-settings,CMD-settings,Representative full-path contract for /settings,configured private admin,Required: isolated full application / approved provider sandbox,STATIC_DISCOVERY_ONLY; not executed as full flow,BLOCKED,src/presentation/telegram/commands.rs:188,"Tool-safety reason unresolved. Feature prerequisites are listed separately, including data/provider/schedule/product requirements. No new flow execution; no real-provider credential shortage inferred for a mock-only test.",,BLOCKED,PRIOR_OUTCOME_RETAINED,NO,EXEC-01 AND BOOT-01 AND TG-01 AND IDENTITY-01 AND DB-01,TG-01;IDENTITY-01;DB-01,EXEC-02 AND COMPONENT-01 may supply handler-level evidence after resolution; cannot close this full-dispatcher FLOW row.,NO_FOR_SIMULATED_SCOPE,BLOCKED,EXEC-01 cannot start because task-owned isolated DB/runtime environment provisioning OPQUAL-DB-001 was TOOL_BLOCKED before execution; no bypass permitted.,OPQUAL-DB-001-BLOCKED.json; execution_started=false; no Docker/network/DB aftermath.,8b380d2f882ddf0e634c5d61e0d73d2c32f23220
FLOW-CMD-start,CMD-start,Representative full-path contract for /start,Telegram actor/chat identity,Required: isolated full application / approved provider sandbox,STATIC_DISCOVERY_ONLY; not executed as full flow,BLOCKED,src/presentation/telegram/commands.rs:146,"Tool-safety reason unresolved. Feature prerequisites are listed separately, including data/provider/schedule/product requirements. No new flow execution; no real-provider credential shortage inferred for a mock-only test.",,BLOCKED,PRIOR_OUTCOME_RETAINED,NO,EXEC-01 AND BOOT-01 AND TG-01 AND IDENTITY-01,TG-01;IDENTITY-01,EXEC-02 AND COMPONENT-01 may supply handler-level evidence after resolution; cannot close this full-dispatcher FLOW row.,NO_FOR_SIMULATED_SCOPE,BLOCKED,EXEC-01 cannot start because task-owned isolated DB/runtime environment provisioning OPQUAL-DB-001 was TOOL_BLOCKED before execution; no bypass permitted.,OPQUAL-DB-001-BLOCKED.json; execution_started=false; no Docker/network/DB aftermath.,8b380d2f882ddf0e634c5d61e0d73d2c32f23220
FLOW-CMD-stats,CMD-stats,Representative full-path contract for /stats,configured private admin,Required: isolated full application / approved provider sandbox,STATIC_DISCOVERY_ONLY; not executed as full flow,BLOCKED,src/presentation/telegram/commands.rs:172,"Tool-safety reason unresolved. Feature prerequisites are listed separately, including data/provider/schedule/product requirements. No new flow execution; no real-provider credential shortage inferred for a mock-only test.",,BLOCKED,PRIOR_OUTCOME_RETAINED,NO,EXEC-01 AND BOOT-01 AND TG-01 AND IDENTITY-01 AND DB-01,TG-01;IDENTITY-01;DB-01,EXEC-02 AND COMPONENT-01 may supply handler-level evidence after resolution; cannot close this full-dispatcher FLOW row.,NO_FOR_SIMULATED_SCOPE,BLOCKED,EXEC-01 cannot start because task-owned isolated DB/runtime environment provisioning OPQUAL-DB-001 was TOOL_BLOCKED before execution; no bypass permitted.,OPQUAL-DB-001-BLOCKED.json; execution_started=false; no Docker/network/DB aftermath.,8b380d2f882ddf0e634c5d61e0d73d2c32f23220
FLOW-CMD-subscribers,CMD-subscribers,Representative full-path contract for /subscribers,configured private admin,Required: isolated full application / approved provider sandbox,STATIC_DISCOVERY_ONLY; not executed as full flow,BLOCKED,src/presentation/telegram/commands.rs:90,"Tool-safety reason unresolved. Feature prerequisites are listed separately, including data/provider/schedule/product requirements. No new flow execution; no real-provider credential shortage inferred for a mock-only test.",,BLOCKED,PRIOR_OUTCOME_RETAINED,NO,EXEC-01 AND BOOT-01 AND TG-01 AND IDENTITY-01 AND DB-01,TG-01;IDENTITY-01;DB-01,EXEC-02 AND COMPONENT-01 may supply handler-level evidence after resolution; cannot close this full-dispatcher FLOW row.,NO_FOR_SIMULATED_SCOPE,BLOCKED,EXEC-01 cannot start because task-owned isolated DB/runtime environment provisioning OPQUAL-DB-001 was TOOL_BLOCKED before execution; no bypass permitted.,OPQUAL-DB-001-BLOCKED.json; execution_started=false; no Docker/network/DB aftermath.,8b380d2f882ddf0e634c5d61e0d73d2c32f23220
FLOW-CMD-supply,CMD-supply,Representative full-path contract for /supply,Telegram actor/chat identity,Required: isolated full application / approved provider sandbox,STATIC_DISCOVERY_ONLY; not executed as full flow,BLOCKED,src/presentation/telegram/commands.rs:158,"Tool-safety reason unresolved. Feature prerequisites are listed separately, including data/provider/schedule/product requirements. No new flow execution; no real-provider credential shortage inferred for a mock-only test.",,BLOCKED,PRIOR_OUTCOME_RETAINED,NO,EXEC-01 AND BOOT-01 AND TG-01 AND IDENTITY-01 AND NODE-01,TG-01;IDENTITY-01;NODE-01,EXEC-02 AND COMPONENT-01 may supply handler-level evidence after resolution; cannot close this full-dispatcher FLOW row.,NO_FOR_SIMULATED_SCOPE,BLOCKED,EXEC-01 cannot start because task-owned isolated DB/runtime environment provisioning OPQUAL-DB-001 was TOOL_BLOCKED before execution; no bypass permitted.,OPQUAL-DB-001-BLOCKED.json; execution_started=false; no Docker/network/DB aftermath.,8b380d2f882ddf0e634c5d61e0d73d2c32f23220
FLOW-CMD-sys,CMD-sys,Representative full-path contract for /sys,configured private admin,Required: isolated full application / approved provider sandbox,STATIC_DISCOVERY_ONLY; not executed as full flow,BLOCKED,src/presentation/telegram/commands.rs:173,"Tool-safety reason unresolved. Feature prerequisites are listed separately, including data/provider/schedule/product requirements. No new flow execution; no real-provider credential shortage inferred for a mock-only test.",,BLOCKED,PRIOR_OUTCOME_RETAINED,NO,EXEC-01 AND BOOT-01 AND TG-01 AND IDENTITY-01,TG-01;IDENTITY-01,EXEC-02 AND COMPONENT-01 may supply handler-level evidence after resolution; cannot close this full-dispatcher FLOW row.,NO_FOR_SIMULATED_SCOPE,BLOCKED,EXEC-01 cannot start because task-owned isolated DB/runtime environment provisioning OPQUAL-DB-001 was TOOL_BLOCKED before execution; no bypass permitted.,OPQUAL-DB-001-BLOCKED.json; execution_started=false; no Docker/network/DB aftermath.,8b380d2f882ddf0e634c5d61e0d73d2c32f23220
FLOW-CMD-toggle,CMD-toggle,Representative full-path contract for /toggle,configured private admin,Required: isolated full application / approved provider sandbox,STATIC_DISCOVERY_ONLY; not executed as full flow,BLOCKED,src/presentation/telegram/commands.rs:189,"Tool-safety reason unresolved. Feature prerequisites are listed separately, including data/provider/schedule/product requirements. No new flow execution; no real-provider credential shortage inferred for a mock-only test.",,BLOCKED,PRIOR_OUTCOME_RETAINED,NO,EXEC-01 AND BOOT-01 AND TG-01 AND IDENTITY-01 AND DB-01,TG-01;IDENTITY-01;DB-01,EXEC-02 AND COMPONENT-01 may supply handler-level evidence after resolution; cannot close this full-dispatcher FLOW row.,NO_FOR_SIMULATED_SCOPE,BLOCKED,EXEC-01 cannot start because task-owned isolated DB/runtime environment provisioning OPQUAL-DB-001 was TOOL_BLOCKED before execution; no bypass permitted.,OPQUAL-DB-001-BLOCKED.json; execution_started=false; no Docker/network/DB aftermath.,8b380d2f882ddf0e634c5d61e0d73d2c32f23220
FLOW-CMD-unmute_alerts,CMD-unmute_alerts,Representative full-path contract for /unmute_alerts,configured private admin,Required: isolated full application / approved provider sandbox,STATIC_DISCOVERY_ONLY; not executed as full flow,BLOCKED,src/presentation/telegram/commands.rs:64,"Tool-safety reason unresolved. Feature prerequisites are listed separately, including data/provider/schedule/product requirements. No new flow execution; no real-provider credential shortage inferred for a mock-only test.",,BLOCKED,PRIOR_OUTCOME_RETAINED,NO,EXEC-01 AND BOOT-01 AND TG-01 AND IDENTITY-01 AND DB-01 AND QUEUE-01,TG-01;IDENTITY-01;DB-01;QUEUE-01,EXEC-02 AND COMPONENT-01 may supply handler-level evidence after resolution; cannot close this full-dispatcher FLOW row.,NO_FOR_SIMULATED_SCOPE,BLOCKED,EXEC-01 cannot start because task-owned isolated DB/runtime environment provisioning OPQUAL-DB-001 was TOOL_BLOCKED before execution; no bypass permitted.,OPQUAL-DB-001-BLOCKED.json; execution_started=false; no Docker/network/DB aftermath.,8b380d2f882ddf0e634c5d61e0d73d2c32f23220
FLOW-CMD-wallet_events,CMD-wallet_events,Representative full-path contract for /wallet_events,configured private admin,Required: isolated full application / approved provider sandbox,STATIC_DISCOVERY_ONLY; not executed as full flow,BLOCKED,src/presentation/telegram/commands.rs:95,"Tool-safety reason unresolved. Feature prerequisites are listed separately, including data/provider/schedule/product requirements. No new flow execution; no real-provider credential shortage inferred for a mock-only test.",,BLOCKED,PRIOR_OUTCOME_RETAINED,NO,EXEC-01 AND BOOT-01 AND TG-01 AND IDENTITY-01 AND DB-01,TG-01;IDENTITY-01;DB-01,EXEC-02 AND COMPONENT-01 may supply handler-level evidence after resolution; cannot close this full-dispatcher FLOW row.,NO_FOR_SIMULATED_SCOPE,BLOCKED,EXEC-01 cannot start because task-owned isolated DB/runtime environment provisioning OPQUAL-DB-001 was TOOL_BLOCKED before execution; no bypass permitted.,OPQUAL-DB-001-BLOCKED.json; execution_started=false; no Docker/network/DB aftermath.,8b380d2f882ddf0e634c5d61e0d73d2c32f23220
FLOW-CB-btn_toggle_ENABLE_LIVE_SYNC,CB-btn_toggle_ENABLE_LIVE_SYNC,Representative full-path contract for btn_toggle_ENABLE_LIVE_SYNC,actor/chat identity; private admin for admin-only effects,Required: isolated full application / approved provider sandbox,STATIC_DISCOVERY_ONLY; not executed as full flow,BLOCKED,src/presentation/telegram/handlers/mod.rs:1734,"Tool-safety reason unresolved. Feature prerequisites are listed separately, including data/provider/schedule/product requirements. No new flow execution; no real-provider credential shortage inferred for a mock-only test.",,BLOCKED,PRIOR_OUTCOME_RETAINED,NO,EXEC-01 AND BOOT-01 AND TG-01 AND IDENTITY-01 AND DB-01,TG-01;IDENTITY-01;DB-01,EXEC-02 AND COMPONENT-01 may supply handler-level evidence after resolution; cannot close this full-dispatcher FLOW row.,NO_FOR_SIMULATED_SCOPE,BLOCKED,EXEC-01 cannot start because task-owned isolated DB/runtime environment provisioning OPQUAL-DB-001 was TOOL_BLOCKED before execution; no bypass permitted.,OPQUAL-DB-001-BLOCKED.json; execution_started=false; no Docker/network/DB aftermath.,8b380d2f882ddf0e634c5d61e0d73d2c32f23220
FLOW-CB-btn_toggle_ENABLE_MEMORY_CLEANER,CB-btn_toggle_ENABLE_MEMORY_CLEANER,Representative full-path contract for btn_toggle_ENABLE_MEMORY_CLEANER,actor/chat identity; private admin for admin-only effects,Required: isolated full application / approved provider sandbox,STATIC_DISCOVERY_ONLY; not executed as full flow,BLOCKED,src/presentation/telegram/handlers/mod.rs:1,"Tool-safety reason unresolved. Feature prerequisites are listed separately, including data/provider/schedule/product requirements. No new flow execution; no real-provider credential shortage inferred for a mock-only test.",,BLOCKED,PRIOR_OUTCOME_RETAINED,NO,EXEC-01 AND BOOT-01 AND TG-01 AND IDENTITY-01 AND DB-01,TG-01;IDENTITY-01;DB-01,EXEC-02 AND COMPONENT-01 may supply handler-level evidence after resolution; cannot close this full-dispatcher FLOW row.,NO_FOR_SIMULATED_SCOPE,BLOCKED,EXEC-01 cannot start because task-owned isolated DB/runtime environment provisioning OPQUAL-DB-001 was TOOL_BLOCKED before execution; no bypass permitted.,OPQUAL-DB-001-BLOCKED.json; execution_started=false; no Docker/network/DB aftermath.,8b380d2f882ddf0e634c5d61e0d73d2c32f23220
FLOW-CB-btn_toggle_MAINTENANCE_MODE,CB-btn_toggle_MAINTENANCE_MODE,Representative full-path contract for btn_toggle_MAINTENANCE_MODE,actor/chat identity; private admin for admin-only effects,Required: isolated full application / approved provider sandbox,STATIC_DISCOVERY_ONLY; not executed as full flow,BLOCKED,src/presentation/telegram/handlers/mod.rs:1,"Tool-safety reason unresolved. Feature prerequisites are listed separately, including data/provider/schedule/product requirements. No new flow execution; no real-provider credential shortage inferred for a mock-only test.",,BLOCKED,PRIOR_OUTCOME_RETAINED,NO,EXEC-01 AND BOOT-01 AND TG-01 AND IDENTITY-01 AND DB-01,TG-01;IDENTITY-01;DB-01,EXEC-02 AND COMPONENT-01 may supply handler-level evidence after resolution; cannot close this full-dispatcher FLOW row.,NO_FOR_SIMULATED_SCOPE,BLOCKED,EXEC-01 cannot start because task-owned isolated DB/runtime environment provisioning OPQUAL-DB-001 was TOOL_BLOCKED before execution; no bypass permitted.,OPQUAL-DB-001-BLOCKED.json; execution_started=false; no Docker/network/DB aftermath.,8b380d2f882ddf0e634c5d61e0d73d2c32f23220
FLOW-CB-cancel_action,CB-cancel_action,Representative full-path contract for cancel_action,actor/chat identity; private admin for admin-only effects,Required: isolated full application / approved provider sandbox,STATIC_DISCOVERY_ONLY; not executed as full flow,BLOCKED,src/presentation/telegram/handlers/mod.rs:1002,"Tool-safety reason unresolved. Feature prerequisites are listed separately, including data/provider/schedule/product requirements. No new flow execution; no real-provider credential shortage inferred for a mock-only test.",,BLOCKED,PRIOR_OUTCOME_RETAINED,NO,EXEC-01 AND BOOT-01 AND TG-01 AND IDENTITY-01,TG-01;IDENTITY-01,EXEC-02 AND COMPONENT-01 may supply handler-level evidence after resolution; cannot close this full-dispatcher FLOW row.,NO_FOR_SIMULATED_SCOPE,BLOCKED,EXEC-01 cannot start because task-owned isolated DB/runtime environment provisioning OPQUAL-DB-001 was TOOL_BLOCKED before execution; no bypass permitted.,OPQUAL-DB-001-BLOCKED.json; execution_started=false; no Docker/network/DB aftermath.,8b380d2f882ddf0e634c5d61e0d73d2c32f23220
FLOW-CB-cmd_add_wallet,CB-cmd_add_wallet,Representative full-path contract for cmd_add_wallet,actor/chat identity; private admin for admin-only effects,Required: isolated full application / approved provider sandbox,STATIC_DISCOVERY_ONLY; not executed as full flow,BLOCKED,src/presentation/telegram/handlers/mod.rs:1217,"Tool-safety reason unresolved. Feature prerequisites are listed separately, including data/provider/schedule/product requirements. No new flow execution; no real-provider credential shortage inferred for a mock-only test.",,BLOCKED,PRIOR_OUTCOME_RETAINED,NO,EXEC-01 AND BOOT-01 AND TG-01 AND IDENTITY-01 AND DB-01,TG-01;IDENTITY-01;DB-01,EXEC-02 AND COMPONENT-01 may supply handler-level evidence after resolution; cannot close this full-dispatcher FLOW row.,NO_FOR_SIMULATED_SCOPE,BLOCKED,EXEC-01 cannot start because task-owned isolated DB/runtime environment provisioning OPQUAL-DB-001 was TOOL_BLOCKED before execution; no bypass permitted.,OPQUAL-DB-001-BLOCKED.json; execution_started=false; no Docker/network/DB aftermath.,8b380d2f882ddf0e634c5d61e0d73d2c32f23220
FLOW-CB-cmd_alerts_status,CB-cmd_alerts_status,Representative full-path contract for cmd_alerts_status,actor/chat identity; private admin for admin-only effects,Required: isolated full application / approved provider sandbox,STATIC_DISCOVERY_ONLY; not executed as full flow,BLOCKED,src/presentation/telegram/handlers/mod.rs:1554,"Tool-safety reason unresolved. Feature prerequisites are listed separately, including data/provider/schedule/product requirements. No new flow execution; no real-provider credential shortage inferred for a mock-only test.",,BLOCKED,PRIOR_OUTCOME_RETAINED,NO,EXEC-01 AND BOOT-01 AND TG-01 AND IDENTITY-01 AND DB-01,TG-01;IDENTITY-01;DB-01,EXEC-02 AND COMPONENT-01 may supply handler-level evidence after resolution; cannot close this full-dispatcher FLOW row.,NO_FOR_SIMULATED_SCOPE,BLOCKED,EXEC-01 cannot start because task-owned isolated DB/runtime environment provisioning OPQUAL-DB-001 was TOOL_BLOCKED before execution; no bypass permitted.,OPQUAL-DB-001-BLOCKED.json; execution_started=false; no Docker/network/DB aftermath.,8b380d2f882ddf0e634c5d61e0d73d2c32f23220
FLOW-CB-cmd_balance,CB-cmd_balance,Representative full-path contract for cmd_balance,actor/chat identity; private admin for admin-only effects,Required: isolated full application / approved provider sandbox,STATIC_DISCOVERY_ONLY; not executed as full flow,BLOCKED,src/presentation/telegram/handlers/mod.rs:1531,"Tool-safety reason unresolved. Feature prerequisites are listed separately, including data/provider/schedule/product requirements. No new flow execution; no real-provider credential shortage inferred for a mock-only test.",,BLOCKED,PRIOR_OUTCOME_RETAINED,NO,EXEC-01 AND BOOT-01 AND TG-01 AND IDENTITY-01 AND NODE-01,TG-01;IDENTITY-01;NODE-01,EXEC-02 AND COMPONENT-01 may supply handler-level evidence after resolution; cannot close this full-dispatcher FLOW row.,NO_FOR_SIMULATED_SCOPE,BLOCKED,EXEC-01 cannot start because task-owned isolated DB/runtime environment provisioning OPQUAL-DB-001 was TOOL_BLOCKED before execution; no bypass permitted.,OPQUAL-DB-001-BLOCKED.json; execution_started=false; no Docker/network/DB aftermath.,8b380d2f882ddf0e634c5d61e0d73d2c32f23220
FLOW-CB-cmd_blocks,CB-cmd_blocks,Representative full-path contract for cmd_blocks,actor/chat identity; private admin for admin-only effects,Required: isolated full application / approved provider sandbox,STATIC_DISCOVERY_ONLY; not executed as full flow,BLOCKED,src/presentation/telegram/handlers/mod.rs:1533,"Tool-safety reason unresolved. Feature prerequisites are listed separately, including data/provider/schedule/product requirements. No new flow execution; no real-provider credential shortage inferred for a mock-only test.",,BLOCKED,PRIOR_OUTCOME_RETAINED,NO,EXEC-01 AND BOOT-01 AND TG-01 AND IDENTITY-01,TG-01;IDENTITY-01,EXEC-02 AND COMPONENT-01 may supply handler-level evidence after resolution; cannot close this full-dispatcher FLOW row.,NO_FOR_SIMULATED_SCOPE,BLOCKED,EXEC-01 cannot start because task-owned isolated DB/runtime environment provisioning OPQUAL-DB-001 was TOOL_BLOCKED before execution; no bypass permitted.,OPQUAL-DB-001-BLOCKED.json; execution_started=false; no Docker/network/DB aftermath.,8b380d2f882ddf0e634c5d61e0d73d2c32f23220
FLOW-CB-cmd_cleanup_events,CB-cmd_cleanup_events,Representative full-path contract for cmd_cleanup_events,actor/chat identity; private admin for admin-only effects,Required: isolated full application / approved provider sandbox,STATIC_DISCOVERY_ONLY; not executed as full flow,BLOCKED,src/presentation/telegram/handlers/mod.rs:1550,"Tool-safety reason unresolved. Feature prerequisites are listed separately, including data/provider/schedule/product requirements. No new flow execution; no real-provider credential shortage inferred for a mock-only test.",,BLOCKED,PRIOR_OUTCOME_RETAINED,NO,EXEC-01 AND BOOT-01 AND TG-01 AND IDENTITY-01 AND DB-01,TG-01;IDENTITY-01;DB-01,EXEC-02 AND COMPONENT-01 may supply handler-level evidence after resolution; cannot close this full-dispatcher FLOW row.,NO_FOR_SIMULATED_SCOPE,BLOCKED,EXEC-01 cannot start because task-owned isolated DB/runtime environment provisioning OPQUAL-DB-001 was TOOL_BLOCKED before execution; no bypass permitted.,OPQUAL-DB-001-BLOCKED.json; execution_started=false; no Docker/network/DB aftermath.,8b380d2f882ddf0e634c5d61e0d73d2c32f23220
FLOW-CB-cmd_dag,CB-cmd_dag,Representative full-path contract for cmd_dag,actor/chat identity; private admin for admin-only effects,Required: isolated full application / approved provider sandbox,STATIC_DISCOVERY_ONLY; not executed as full flow,BLOCKED,src/presentation/telegram/handlers/mod.rs:1537,"Tool-safety reason unresolved. Feature prerequisites are listed separately, including data/provider/schedule/product requirements. No new flow execution; no real-provider credential shortage inferred for a mock-only test.",,BLOCKED,PRIOR_OUTCOME_RETAINED,NO,EXEC-01 AND BOOT-01 AND TG-01 AND IDENTITY-01 AND NODE-01,TG-01;IDENTITY-01;NODE-01,EXEC-02 AND COMPONENT-01 may supply handler-level evidence after resolution; cannot close this full-dispatcher FLOW row.,NO_FOR_SIMULATED_SCOPE,BLOCKED,EXEC-01 cannot start because task-owned isolated DB/runtime environment provisioning OPQUAL-DB-001 was TOOL_BLOCKED before execution; no bypass permitted.,OPQUAL-DB-001-BLOCKED.json; execution_started=false; no Docker/network/DB aftermath.,8b380d2f882ddf0e634c5d61e0d73d2c32f23220
FLOW-CB-cmd_db_diag,CB-cmd_db_diag,Representative full-path contract for cmd_db_diag,actor/chat identity; private admin for admin-only effects,Required: isolated full application / approved provider sandbox,STATIC_DISCOVERY_ONLY; not executed as full flow,BLOCKED,src/presentation/telegram/handlers/mod.rs:1559,"Tool-safety reason unresolved. Feature prerequisites are listed separately, including data/provider/schedule/product requirements. No new flow execution; no real-provider credential shortage inferred for a mock-only test.",,BLOCKED,PRIOR_OUTCOME_RETAINED,NO,EXEC-01 AND BOOT-01 AND TG-01 AND IDENTITY-01 AND DB-01,TG-01;IDENTITY-01;DB-01,EXEC-02 AND COMPONENT-01 may supply handler-level evidence after resolution; cannot close this full-dispatcher FLOW row.,NO_FOR_SIMULATED_SCOPE,BLOCKED,EXEC-01 cannot start because task-owned isolated DB/runtime environment provisioning OPQUAL-DB-001 was TOOL_BLOCKED before execution; no bypass permitted.,OPQUAL-DB-001-BLOCKED.json; execution_started=false; no Docker/network/DB aftermath.,8b380d2f882ddf0e634c5d61e0d73d2c32f23220
FLOW-CB-cmd_delivery,CB-cmd_delivery,Representative full-path contract for cmd_delivery,actor/chat identity; private admin for admin-only effects,Required: isolated full application / approved provider sandbox,STATIC_DISCOVERY_ONLY; not executed as full flow,BLOCKED,src/presentation/telegram/handlers/mod.rs:1551,"Tool-safety reason unresolved. Feature prerequisites are listed separately, including data/provider/schedule/product requirements. No new flow execution; no real-provider credential shortage inferred for a mock-only test.",,BLOCKED,PRIOR_OUTCOME_RETAINED,NO,EXEC-01 AND BOOT-01 AND TG-01 AND IDENTITY-01 AND DB-01 AND QUEUE-01,TG-01;IDENTITY-01;DB-01;QUEUE-01,EXEC-02 AND COMPONENT-01 may supply handler-level evidence after resolution; cannot close this full-dispatcher FLOW row.,NO_FOR_SIMULATED_SCOPE,BLOCKED,EXEC-01 cannot start because task-owned isolated DB/runtime environment provisioning OPQUAL-DB-001 was TOOL_BLOCKED before execution; no bypass permitted.,OPQUAL-DB-001-BLOCKED.json; execution_started=false; no Docker/network/DB aftermath.,8b380d2f882ddf0e634c5d61e0d73d2c32f23220
FLOW-CB-cmd_donate,CB-cmd_donate,Representative full-path contract for cmd_donate,actor/chat identity; private admin for admin-only effects,Required: isolated full application / approved provider sandbox,STATIC_DISCOVERY_ONLY; not executed as full flow,BLOCKED,src/presentation/telegram/handlers/mod.rs:1543,"Tool-safety reason unresolved. Feature prerequisites are listed separately, including data/provider/schedule/product requirements. No new flow execution; no real-provider credential shortage inferred for a mock-only test.",,BLOCKED,PRIOR_OUTCOME_RETAINED,NO,EXEC-01 AND BOOT-01 AND TG-01 AND IDENTITY-01,TG-01;IDENTITY-01,EXEC-02 AND COMPONENT-01 may supply handler-level evidence after resolution; cannot close this full-dispatcher FLOW row.,NO_FOR_SIMULATED_SCOPE,BLOCKED,EXEC-01 cannot start because task-owned isolated DB/runtime environment provisioning OPQUAL-DB-001 was TOOL_BLOCKED before execution; no bypass permitted.,OPQUAL-DB-001-BLOCKED.json; execution_started=false; no Docker/network/DB aftermath.,8b380d2f882ddf0e634c5d61e0d73d2c32f23220
FLOW-CB-cmd_errors,CB-cmd_errors,Representative full-path contract for cmd_errors,actor/chat identity; private admin for admin-only effects,Required: isolated full application / approved provider sandbox,STATIC_DISCOVERY_ONLY; not executed as full flow,BLOCKED,src/presentation/telegram/handlers/mod.rs:1549,"Tool-safety reason unresolved. Feature prerequisites are listed separately, including data/provider/schedule/product requirements. No new flow execution; no real-provider credential shortage inferred for a mock-only test.",,BLOCKED,PRIOR_OUTCOME_RETAINED,NO,EXEC-01 AND BOOT-01 AND TG-01 AND IDENTITY-01,TG-01;IDENTITY-01,EXEC-02 AND COMPONENT-01 may supply handler-level evidence after resolution; cannot close this full-dispatcher FLOW row.,NO_FOR_SIMULATED_SCOPE,BLOCKED,EXEC-01 cannot start because task-owned isolated DB/runtime environment provisioning OPQUAL-DB-001 was TOOL_BLOCKED before execution; no bypass permitted.,OPQUAL-DB-001-BLOCKED.json; execution_started=false; no Docker/network/DB aftermath.,8b380d2f882ddf0e634c5d61e0d73d2c32f23220
FLOW-CB-cmd_events,CB-cmd_events,Representative full-path contract for cmd_events,actor/chat identity; private admin for admin-only effects,Required: isolated full application / approved provider sandbox,STATIC_DISCOVERY_ONLY; not executed as full flow,BLOCKED,src/presentation/telegram/handlers/mod.rs:1548,"Tool-safety reason unresolved. Feature prerequisites are listed separately, including data/provider/schedule/product requirements. No new flow execution; no real-provider credential shortage inferred for a mock-only test.",,BLOCKED,PRIOR_OUTCOME_RETAINED,NO,EXEC-01 AND BOOT-01 AND TG-01 AND IDENTITY-01 AND DB-01,TG-01;IDENTITY-01;DB-01,EXEC-02 AND COMPONENT-01 may supply handler-level evidence after resolution; cannot close this full-dispatcher FLOW row.,NO_FOR_SIMULATED_SCOPE,BLOCKED,EXEC-01 cannot start because task-owned isolated DB/runtime environment provisioning OPQUAL-DB-001 was TOOL_BLOCKED before execution; no bypass permitted.,OPQUAL-DB-001-BLOCKED.json; execution_started=false; no Docker/network/DB aftermath.,8b380d2f882ddf0e634c5d61e0d73d2c32f23220
FLOW-CB-cmd_fees,CB-cmd_fees,Representative full-path contract for cmd_fees,actor/chat identity; private admin for admin-only effects,Required: isolated full application / approved provider sandbox,STATIC_DISCOVERY_ONLY; not executed as full flow,BLOCKED,src/presentation/telegram/handlers/mod.rs:1541,"Tool-safety reason unresolved. Feature prerequisites are listed separately, including data/provider/schedule/product requirements. No new flow execution; no real-provider credential shortage inferred for a mock-only test.",,BLOCKED,PRIOR_OUTCOME_RETAINED,NO,EXEC-01 AND BOOT-01 AND TG-01 AND IDENTITY-01 AND FEE-01,TG-01;IDENTITY-01;FEE-01,EXEC-02 AND COMPONENT-01 may supply handler-level evidence after resolution; cannot close this full-dispatcher FLOW row.,NO_FOR_SIMULATED_SCOPE,BLOCKED,EXEC-01 cannot start because task-owned isolated DB/runtime environment provisioning OPQUAL-DB-001 was TOOL_BLOCKED before execution; no bypass permitted.,OPQUAL-DB-001-BLOCKED.json; execution_started=false; no Docker/network/DB aftermath.,8b380d2f882ddf0e634c5d61e0d73d2c32f23220
FLOW-CB-cmd_health,CB-cmd_health,Representative full-path contract for cmd_health,actor/chat identity; private admin for admin-only effects,Required: isolated full application / approved provider sandbox,STATIC_DISCOVERY_ONLY; not executed as full flow,BLOCKED,src/presentation/telegram/handlers/mod.rs:1544,"Tool-safety reason unresolved. Feature prerequisites are listed separately, including data/provider/schedule/product requirements. No new flow execution; no real-provider credential shortage inferred for a mock-only test.",,BLOCKED,PRIOR_OUTCOME_RETAINED,NO,EXEC-01 AND BOOT-01 AND TG-01 AND IDENTITY-01 AND DB-01,TG-01;IDENTITY-01;DB-01,EXEC-02 AND COMPONENT-01 may supply handler-level evidence after resolution; cannot close this full-dispatcher FLOW row.,NO_FOR_SIMULATED_SCOPE,BLOCKED,EXEC-01 cannot start because task-owned isolated DB/runtime environment provisioning OPQUAL-DB-001 was TOOL_BLOCKED before execution; no bypass permitted.,OPQUAL-DB-001-BLOCKED.json; execution_started=false; no Docker/network/DB aftermath.,8b380d2f882ddf0e634c5d61e0d73d2c32f23220
FLOW-CB-cmd_help,CB-cmd_help,Representative full-path contract for cmd_help,actor/chat identity; private admin for admin-only effects,Required: isolated full application / approved provider sandbox,STATIC_DISCOVERY_ONLY; not executed as full flow,BLOCKED,src/presentation/telegram/handlers/mod.rs:1529,"Tool-safety reason unresolved. Feature prerequisites are listed separately, including data/provider/schedule/product requirements. No new flow execution; no real-provider credential shortage inferred for a mock-only test.",,BLOCKED,PRIOR_OUTCOME_RETAINED,NO,EXEC-01 AND BOOT-01 AND TG-01 AND IDENTITY-01,TG-01;IDENTITY-01,EXEC-02 AND COMPONENT-01 may supply handler-level evidence after resolution; cannot close this full-dispatcher FLOW row.,NO_FOR_SIMULATED_SCOPE,BLOCKED,EXEC-01 cannot start because task-owned isolated DB/runtime environment provisioning OPQUAL-DB-001 was TOOL_BLOCKED before execution; no bypass permitted.,OPQUAL-DB-001-BLOCKED.json; execution_started=false; no Docker/network/DB aftermath.,8b380d2f882ddf0e634c5d61e0d73d2c32f23220
FLOW-CB-cmd_ignore,CB-cmd_ignore,Representative full-path contract for cmd_ignore,actor/chat identity; private admin for admin-only effects,Required: isolated full application / approved provider sandbox,STATIC_DISCOVERY_ONLY; not executed as full flow,BLOCKED,src/presentation/telegram/handlers/mod.rs:738,"Tool-safety reason unresolved. Feature prerequisites are listed separately, including data/provider/schedule/product requirements. No new flow execution; no real-provider credential shortage inferred for a mock-only test.",,BLOCKED,PRIOR_OUTCOME_RETAINED,NO,EXEC-01 AND BOOT-01 AND TG-01 AND IDENTITY-01,TG-01;IDENTITY-01,EXEC-02 AND COMPONENT-01 may supply handler-level evidence after resolution; cannot close this full-dispatcher FLOW row.,NO_FOR_SIMULATED_SCOPE,BLOCKED,EXEC-01 cannot start because task-owned isolated DB/runtime environment provisioning OPQUAL-DB-001 was TOOL_BLOCKED before execution; no bypass permitted.,OPQUAL-DB-001-BLOCKED.json; execution_started=false; no Docker/network/DB aftermath.,8b380d2f882ddf0e634c5d61e0d73d2c32f23220
FLOW-CB-cmd_list,CB-cmd_list,Representative full-path contract for cmd_list,actor/chat identity; private admin for admin-only effects,Required: isolated full application / approved provider sandbox,STATIC_DISCOVERY_ONLY; not executed as full flow,BLOCKED,src/presentation/telegram/handlers/mod.rs:1532,"Tool-safety reason unresolved. Feature prerequisites are listed separately, including data/provider/schedule/product requirements. No new flow execution; no real-provider credential shortage inferred for a mock-only test.",,BLOCKED,PRIOR_OUTCOME_RETAINED,NO,EXEC-01 AND BOOT-01 AND TG-01 AND IDENTITY-01,TG-01;IDENTITY-01,EXEC-02 AND COMPONENT-01 may supply handler-level evidence after resolution; cannot close this full-dispatcher FLOW row.,NO_FOR_SIMULATED_SCOPE,BLOCKED,EXEC-01 cannot start because task-owned isolated DB/runtime environment provisioning OPQUAL-DB-001 was TOOL_BLOCKED before execution; no bypass permitted.,OPQUAL-DB-001-BLOCKED.json; execution_started=false; no Docker/network/DB aftermath.,8b380d2f882ddf0e634c5d61e0d73d2c32f23220
FLOW-CB-cmd_logs,CB-cmd_logs,Representative full-path contract for cmd_logs,actor/chat identity; private admin for admin-only effects,Required: isolated full application / approved provider sandbox,STATIC_DISCOVERY_ONLY; not executed as full flow,BLOCKED,src/presentation/telegram/handlers/mod.rs:1547,"Tool-safety reason unresolved. Feature prerequisites are listed separately, including data/provider/schedule/product requirements. No new flow execution; no real-provider credential shortage inferred for a mock-only test.",,BLOCKED,PRIOR_OUTCOME_RETAINED,NO,EXEC-01 AND BOOT-01 AND TG-01 AND IDENTITY-01,TG-01;IDENTITY-01,EXEC-02 AND COMPONENT-01 may supply handler-level evidence after resolution; cannot close this full-dispatcher FLOW row.,NO_FOR_SIMULATED_SCOPE,BLOCKED,EXEC-01 cannot start because task-owned isolated DB/runtime environment provisioning OPQUAL-DB-001 was TOOL_BLOCKED before execution; no bypass permitted.,OPQUAL-DB-001-BLOCKED.json; execution_started=false; no Docker/network/DB aftermath.,8b380d2f882ddf0e634c5d61e0d73d2c32f23220
FLOW-CB-cmd_market,CB-cmd_market,Representative full-path contract for cmd_market,actor/chat identity; private admin for admin-only effects,Required: isolated full application / approved provider sandbox,STATIC_DISCOVERY_ONLY; not executed as full flow,BLOCKED,src/presentation/telegram/handlers/mod.rs:1539,"Tool-safety reason unresolved. Feature prerequisites are listed separately, including data/provider/schedule/product requirements. No new flow execution; no real-provider credential shortage inferred for a mock-only test.",,BLOCKED,PRIOR_OUTCOME_RETAINED,NO,EXEC-01 AND BOOT-01 AND TG-01 AND IDENTITY-01 AND NODE-01 AND MARKET-01,TG-01;IDENTITY-01;NODE-01;MARKET-01,EXEC-02 AND COMPONENT-01 may supply handler-level evidence after resolution; cannot close this full-dispatcher FLOW row.,NO_FOR_SIMULATED_SCOPE,BLOCKED,EXEC-01 cannot start because task-owned isolated DB/runtime environment provisioning OPQUAL-DB-001 was TOOL_BLOCKED before execution; no bypass permitted.,OPQUAL-DB-001-BLOCKED.json; execution_started=false; no Docker/network/DB aftermath.,8b380d2f882ddf0e634c5d61e0d73d2c32f23220
FLOW-CB-cmd_miner,CB-cmd_miner,Representative full-path contract for cmd_miner,actor/chat identity; private admin for admin-only effects,Required: isolated full application / approved provider sandbox,STATIC_DISCOVERY_ONLY; not executed as full flow,BLOCKED,src/presentation/telegram/handlers/mod.rs:1534,"Tool-safety reason unresolved. Feature prerequisites are listed separately, including data/provider/schedule/product requirements. No new flow execution; no real-provider credential shortage inferred for a mock-only test.",,BLOCKED,PRIOR_OUTCOME_RETAINED,NO,EXEC-01 AND BOOT-01 AND TG-01 AND IDENTITY-01 AND NODE-01,TG-01;IDENTITY-01;NODE-01,EXEC-02 AND COMPONENT-01 may supply handler-level evidence after resolution; cannot close this full-dispatcher FLOW row.,NO_FOR_SIMULATED_SCOPE,BLOCKED,EXEC-01 cannot start because task-owned isolated DB/runtime environment provisioning OPQUAL-DB-001 was TOOL_BLOCKED before execution; no bypass permitted.,OPQUAL-DB-001-BLOCKED.json; execution_started=false; no Docker/network/DB aftermath.,8b380d2f882ddf0e634c5d61e0d73d2c32f23220
FLOW-CB-cmd_mute_alerts,CB-cmd_mute_alerts,Representative full-path contract for cmd_mute_alerts,actor/chat identity; private admin for admin-only effects,Required: isolated full application / approved provider sandbox,STATIC_DISCOVERY_ONLY; not executed as full flow,BLOCKED,src/presentation/telegram/handlers/mod.rs:1552,"Tool-safety reason unresolved. Feature prerequisites are listed separately, including data/provider/schedule/product requirements. No new flow execution; no real-provider credential shortage inferred for a mock-only test.",,BLOCKED,PRIOR_OUTCOME_RETAINED,NO,EXEC-01 AND BOOT-01 AND TG-01 AND IDENTITY-01 AND DB-01 AND QUEUE-01,TG-01;IDENTITY-01;DB-01;QUEUE-01,EXEC-02 AND COMPONENT-01 may supply handler-level evidence after resolution; cannot close this full-dispatcher FLOW row.,NO_FOR_SIMULATED_SCOPE,BLOCKED,EXEC-01 cannot start because task-owned isolated DB/runtime environment provisioning OPQUAL-DB-001 was TOOL_BLOCKED before execution; no bypass permitted.,OPQUAL-DB-001-BLOCKED.json; execution_started=false; no Docker/network/DB aftermath.,8b380d2f882ddf0e634c5d61e0d73d2c32f23220
FLOW-CB-cmd_network,CB-cmd_network,Representative full-path contract for cmd_network,actor/chat identity; private admin for admin-only effects,Required: isolated full application / approved provider sandbox,STATIC_DISCOVERY_ONLY; not executed as full flow,BLOCKED,src/presentation/telegram/handlers/mod.rs:1536,"Tool-safety reason unresolved. Feature prerequisites are listed separately, including data/provider/schedule/product requirements. No new flow execution; no real-provider credential shortage inferred for a mock-only test.",,BLOCKED,PRIOR_OUTCOME_RETAINED,NO,EXEC-01 AND BOOT-01 AND TG-01 AND IDENTITY-01 AND NODE-01,TG-01;IDENTITY-01;NODE-01,EXEC-02 AND COMPONENT-01 may supply handler-level evidence after resolution; cannot close this full-dispatcher FLOW row.,NO_FOR_SIMULATED_SCOPE,BLOCKED,EXEC-01 cannot start because task-owned isolated DB/runtime environment provisioning OPQUAL-DB-001 was TOOL_BLOCKED before execution; no bypass permitted.,OPQUAL-DB-001-BLOCKED.json; execution_started=false; no Docker/network/DB aftermath.,8b380d2f882ddf0e634c5d61e0d73d2c32f23220
FLOW-CB-cmd_pause,CB-cmd_pause,Representative full-path contract for cmd_pause,actor/chat identity; private admin for admin-only effects,Required: isolated full application / approved provider sandbox,STATIC_DISCOVERY_ONLY; not executed as full flow,BLOCKED,src/presentation/telegram/handlers/mod.rs:1555,"Tool-safety reason unresolved. Feature prerequisites are listed separately, including data/provider/schedule/product requirements. No new flow execution; no real-provider credential shortage inferred for a mock-only test.",,BLOCKED,PRIOR_OUTCOME_RETAINED,NO,EXEC-01 AND BOOT-01 AND TG-01 AND IDENTITY-01 AND DB-01,TG-01;IDENTITY-01;DB-01,EXEC-02 AND COMPONENT-01 may supply handler-level evidence after resolution; cannot close this full-dispatcher FLOW row.,NO_FOR_SIMULATED_SCOPE,BLOCKED,EXEC-01 cannot start because task-owned isolated DB/runtime environment provisioning OPQUAL-DB-001 was TOOL_BLOCKED before execution; no bypass permitted.,OPQUAL-DB-001-BLOCKED.json; execution_started=false; no Docker/network/DB aftermath.,8b380d2f882ddf0e634c5d61e0d73d2c32f23220
FLOW-CB-cmd_price,CB-cmd_price,Representative full-path contract for cmd_price,actor/chat identity; private admin for admin-only effects,Required: isolated full application / approved provider sandbox,STATIC_DISCOVERY_ONLY; not executed as full flow,BLOCKED,src/presentation/telegram/handlers/mod.rs:1538,"Tool-safety reason unresolved. Feature prerequisites are listed separately, including data/provider/schedule/product requirements. No new flow execution; no real-provider credential shortage inferred for a mock-only test.",,BLOCKED,PRIOR_OUTCOME_RETAINED,NO,EXEC-01 AND BOOT-01 AND TG-01 AND IDENTITY-01 AND NODE-01 AND MARKET-01,TG-01;IDENTITY-01;NODE-01;MARKET-01,EXEC-02 AND COMPONENT-01 may supply handler-level evidence after resolution; cannot close this full-dispatcher FLOW row.,NO_FOR_SIMULATED_SCOPE,BLOCKED,EXEC-01 cannot start because task-owned isolated DB/runtime environment provisioning OPQUAL-DB-001 was TOOL_BLOCKED before execution; no bypass permitted.,OPQUAL-DB-001-BLOCKED.json; execution_started=false; no Docker/network/DB aftermath.,8b380d2f882ddf0e634c5d61e0d73d2c32f23220
FLOW-CB-cmd_remove_wallets,CB-cmd_remove_wallets,Representative full-path contract for cmd_remove_wallets,actor/chat identity; private admin for admin-only effects,Required: isolated full application / approved provider sandbox,STATIC_DISCOVERY_ONLY; not executed as full flow,BLOCKED,src/presentation/telegram/handlers/mod.rs:1255,"Tool-safety reason unresolved. Feature prerequisites are listed separately, including data/provider/schedule/product requirements. No new flow execution; no real-provider credential shortage inferred for a mock-only test.",,BLOCKED,PRIOR_OUTCOME_RETAINED,NO,EXEC-01 AND BOOT-01 AND TG-01 AND IDENTITY-01 AND DB-01,TG-01;IDENTITY-01;DB-01,EXEC-02 AND COMPONENT-01 may supply handler-level evidence after resolution; cannot close this full-dispatcher FLOW row.,NO_FOR_SIMULATED_SCOPE,BLOCKED,EXEC-01 cannot start because task-owned isolated DB/runtime environment provisioning OPQUAL-DB-001 was TOOL_BLOCKED before execution; no bypass permitted.,OPQUAL-DB-001-BLOCKED.json; execution_started=false; no Docker/network/DB aftermath.,8b380d2f882ddf0e634c5d61e0d73d2c32f23220
FLOW-CB-cmd_restart_info,CB-cmd_restart_info,Representative full-path contract for cmd_restart_info,actor/chat identity; private admin for admin-only effects,Required: isolated full application / approved provider sandbox,STATIC_DISCOVERY_ONLY; not executed as full flow,BLOCKED,src/presentation/telegram/handlers/mod.rs:1557,"Tool-safety reason unresolved. Feature prerequisites are listed separately, including data/provider/schedule/product requirements. No new flow execution; no real-provider credential shortage inferred for a mock-only test.",,BLOCKED,PRIOR_OUTCOME_RETAINED,NO,EXEC-01 AND BOOT-01 AND TG-01 AND IDENTITY-01,TG-01;IDENTITY-01,EXEC-02 AND COMPONENT-01 may supply handler-level evidence after resolution; cannot close this full-dispatcher FLOW row.,NO_FOR_SIMULATED_SCOPE,BLOCKED,EXEC-01 cannot start because task-owned isolated DB/runtime environment provisioning OPQUAL-DB-001 was TOOL_BLOCKED before execution; no bypass permitted.,OPQUAL-DB-001-BLOCKED.json; execution_started=false; no Docker/network/DB aftermath.,8b380d2f882ddf0e634c5d61e0d73d2c32f23220
FLOW-CB-cmd_resume,CB-cmd_resume,Representative full-path contract for cmd_resume,actor/chat identity; private admin for admin-only effects,Required: isolated full application / approved provider sandbox,STATIC_DISCOVERY_ONLY; not executed as full flow,BLOCKED,src/presentation/telegram/handlers/mod.rs:1556,"Tool-safety reason unresolved. Feature prerequisites are listed separately, including data/provider/schedule/product requirements. No new flow execution; no real-provider credential shortage inferred for a mock-only test.",,BLOCKED,PRIOR_OUTCOME_RETAINED,NO,EXEC-01 AND BOOT-01 AND TG-01 AND IDENTITY-01 AND DB-01,TG-01;IDENTITY-01;DB-01,EXEC-02 AND COMPONENT-01 may supply handler-level evidence after resolution; cannot close this full-dispatcher FLOW row.,NO_FOR_SIMULATED_SCOPE,BLOCKED,EXEC-01 cannot start because task-owned isolated DB/runtime environment provisioning OPQUAL-DB-001 was TOOL_BLOCKED before execution; no bypass permitted.,OPQUAL-DB-001-BLOCKED.json; execution_started=false; no Docker/network/DB aftermath.,8b380d2f882ddf0e634c5d61e0d73d2c32f23220
FLOW-CB-cmd_settings,CB-cmd_settings,Representative full-path contract for cmd_settings,actor/chat identity; private admin for admin-only effects,Required: isolated full application / approved provider sandbox,STATIC_DISCOVERY_ONLY; not executed as full flow,BLOCKED,src/presentation/telegram/handlers/mod.rs:1558,"Tool-safety reason unresolved. Feature prerequisites are listed separately, including data/provider/schedule/product requirements. No new flow execution; no real-provider credential shortage inferred for a mock-only test.",,BLOCKED,PRIOR_OUTCOME_RETAINED,NO,EXEC-01 AND BOOT-01 AND TG-01 AND IDENTITY-01 AND DB-01,TG-01;IDENTITY-01;DB-01,EXEC-02 AND COMPONENT-01 may supply handler-level evidence after resolution; cannot close this full-dispatcher FLOW row.,NO_FOR_SIMULATED_SCOPE,BLOCKED,EXEC-01 cannot start because task-owned isolated DB/runtime environment provisioning OPQUAL-DB-001 was TOOL_BLOCKED before execution; no bypass permitted.,OPQUAL-DB-001-BLOCKED.json; execution_started=false; no Docker/network/DB aftermath.,8b380d2f882ddf0e634c5d61e0d73d2c32f23220
FLOW-CB-cmd_start,CB-cmd_start,Representative full-path contract for cmd_start,actor/chat identity; private admin for admin-only effects,Required: isolated full application / approved provider sandbox,STATIC_DISCOVERY_ONLY; not executed as full flow,BLOCKED,src/presentation/telegram/handlers/mod.rs:1528,"Tool-safety reason unresolved. Feature prerequisites are listed separately, including data/provider/schedule/product requirements. No new flow execution; no real-provider credential shortage inferred for a mock-only test.",,BLOCKED,PRIOR_OUTCOME_RETAINED,NO,EXEC-01 AND BOOT-01 AND TG-01 AND IDENTITY-01,TG-01;IDENTITY-01,EXEC-02 AND COMPONENT-01 may supply handler-level evidence after resolution; cannot close this full-dispatcher FLOW row.,NO_FOR_SIMULATED_SCOPE,BLOCKED,EXEC-01 cannot start because task-owned isolated DB/runtime environment provisioning OPQUAL-DB-001 was TOOL_BLOCKED before execution; no bypass permitted.,OPQUAL-DB-001-BLOCKED.json; execution_started=false; no Docker/network/DB aftermath.,8b380d2f882ddf0e634c5d61e0d73d2c32f23220
FLOW-CB-cmd_stats,CB-cmd_stats,Representative full-path contract for cmd_stats,actor/chat identity; private admin for admin-only effects,Required: isolated full application / approved provider sandbox,STATIC_DISCOVERY_ONLY; not executed as full flow,BLOCKED,src/presentation/telegram/handlers/mod.rs:1545,"Tool-safety reason unresolved. Feature prerequisites are listed separately, including data/provider/schedule/product requirements. No new flow execution; no real-provider credential shortage inferred for a mock-only test.",,BLOCKED,PRIOR_OUTCOME_RETAINED,NO,EXEC-01 AND BOOT-01 AND TG-01 AND IDENTITY-01 AND DB-01,TG-01;IDENTITY-01;DB-01,EXEC-02 AND COMPONENT-01 may supply handler-level evidence after resolution; cannot close this full-dispatcher FLOW row.,NO_FOR_SIMULATED_SCOPE,BLOCKED,EXEC-01 cannot start because task-owned isolated DB/runtime environment provisioning OPQUAL-DB-001 was TOOL_BLOCKED before execution; no bypass permitted.,OPQUAL-DB-001-BLOCKED.json; execution_started=false; no Docker/network/DB aftermath.,8b380d2f882ddf0e634c5d61e0d73d2c32f23220
FLOW-CB-cmd_supply,CB-cmd_supply,Representative full-path contract for cmd_supply,actor/chat identity; private admin for admin-only effects,Required: isolated full application / approved provider sandbox,STATIC_DISCOVERY_ONLY; not executed as full flow,BLOCKED,src/presentation/telegram/handlers/mod.rs:1540,"Tool-safety reason unresolved. Feature prerequisites are listed separately, including data/provider/schedule/product requirements. No new flow execution; no real-provider credential shortage inferred for a mock-only test.",,BLOCKED,PRIOR_OUTCOME_RETAINED,NO,EXEC-01 AND BOOT-01 AND TG-01 AND IDENTITY-01 AND NODE-01,TG-01;IDENTITY-01;NODE-01,EXEC-02 AND COMPONENT-01 may supply handler-level evidence after resolution; cannot close this full-dispatcher FLOW row.,NO_FOR_SIMULATED_SCOPE,BLOCKED,EXEC-01 cannot start because task-owned isolated DB/runtime environment provisioning OPQUAL-DB-001 was TOOL_BLOCKED before execution; no bypass permitted.,OPQUAL-DB-001-BLOCKED.json; execution_started=false; no Docker/network/DB aftermath.,8b380d2f882ddf0e634c5d61e0d73d2c32f23220
FLOW-CB-cmd_sys,CB-cmd_sys,Representative full-path contract for cmd_sys,actor/chat identity; private admin for admin-only effects,Required: isolated full application / approved provider sandbox,STATIC_DISCOVERY_ONLY; not executed as full flow,BLOCKED,src/presentation/telegram/handlers/mod.rs:1546,"Tool-safety reason unresolved. Feature prerequisites are listed separately, including data/provider/schedule/product requirements. No new flow execution; no real-provider credential shortage inferred for a mock-only test.",,BLOCKED,PRIOR_OUTCOME_RETAINED,NO,EXEC-01 AND BOOT-01 AND TG-01 AND IDENTITY-01,TG-01;IDENTITY-01,EXEC-02 AND COMPONENT-01 may supply handler-level evidence after resolution; cannot close this full-dispatcher FLOW row.,NO_FOR_SIMULATED_SCOPE,BLOCKED,EXEC-01 cannot start because task-owned isolated DB/runtime environment provisioning OPQUAL-DB-001 was TOOL_BLOCKED before execution; no bypass permitted.,OPQUAL-DB-001-BLOCKED.json; execution_started=false; no Docker/network/DB aftermath.,8b380d2f882ddf0e634c5d61e0d73d2c32f23220
FLOW-CB-cmd_unmute_alerts,CB-cmd_unmute_alerts,Representative full-path contract for cmd_unmute_alerts,actor/chat identity; private admin for admin-only effects,Required: isolated full application / approved provider sandbox,STATIC_DISCOVERY_ONLY; not executed as full flow,BLOCKED,src/presentation/telegram/handlers/mod.rs:1553,"Tool-safety reason unresolved. Feature prerequisites are listed separately, including data/provider/schedule/product requirements. No new flow execution; no real-provider credential shortage inferred for a mock-only test.",,BLOCKED,PRIOR_OUTCOME_RETAINED,NO,EXEC-01 AND BOOT-01 AND TG-01 AND IDENTITY-01 AND DB-01 AND QUEUE-01,TG-01;IDENTITY-01;DB-01;QUEUE-01,EXEC-02 AND COMPONENT-01 may supply handler-level evidence after resolution; cannot close this full-dispatcher FLOW row.,NO_FOR_SIMULATED_SCOPE,BLOCKED,EXEC-01 cannot start because task-owned isolated DB/runtime environment provisioning OPQUAL-DB-001 was TOOL_BLOCKED before execution; no bypass permitted.,OPQUAL-DB-001-BLOCKED.json; execution_started=false; no Docker/network/DB aftermath.,8b380d2f882ddf0e634c5d61e0d73d2c32f23220
FLOW-CB-cmd_wallets,CB-cmd_wallets,Representative full-path contract for cmd_wallets,actor/chat identity; private admin for admin-only effects,Required: isolated full application / approved provider sandbox,STATIC_DISCOVERY_ONLY; not executed as full flow,BLOCKED,src/presentation/telegram/handlers/mod.rs:1242,"Tool-safety reason unresolved. Feature prerequisites are listed separately, including data/provider/schedule/product requirements. No new flow execution; no real-provider credential shortage inferred for a mock-only test.",,BLOCKED,PRIOR_OUTCOME_RETAINED,NO,EXEC-01 AND BOOT-01 AND TG-01 AND IDENTITY-01 AND DB-01,TG-01;IDENTITY-01;DB-01,EXEC-02 AND COMPONENT-01 may supply handler-level evidence after resolution; cannot close this full-dispatcher FLOW row.,NO_FOR_SIMULATED_SCOPE,BLOCKED,EXEC-01 cannot start because task-owned isolated DB/runtime environment provisioning OPQUAL-DB-001 was TOOL_BLOCKED before execution; no bypass permitted.,OPQUAL-DB-001-BLOCKED.json; execution_started=false; no Docker/network/DB aftermath.,8b380d2f882ddf0e634c5d61e0d73d2c32f23220
FLOW-CB-confirm_forget_all,CB-confirm_forget_all,Representative full-path contract for confirm_forget_all,actor/chat identity; private admin for admin-only effects,Required: isolated full application / approved provider sandbox,STATIC_DISCOVERY_ONLY; not executed as full flow,BLOCKED,src/presentation/telegram/handlers/mod.rs:1043,"Tool-safety reason unresolved. Feature prerequisites are listed separately, including data/provider/schedule/product requirements. No new flow execution; no real-provider credential shortage inferred for a mock-only test.",,BLOCKED,PRIOR_OUTCOME_RETAINED,NO,EXEC-01 AND BOOT-01 AND TG-01 AND IDENTITY-01 AND DB-01,TG-01;IDENTITY-01;DB-01,EXEC-02 AND COMPONENT-01 may supply handler-level evidence after resolution; cannot close this full-dispatcher FLOW row.,NO_FOR_SIMULATED_SCOPE,BLOCKED,EXEC-01 cannot start because task-owned isolated DB/runtime environment provisioning OPQUAL-DB-001 was TOOL_BLOCKED before execution; no bypass permitted.,OPQUAL-DB-001-BLOCKED.json; execution_started=false; no Docker/network/DB aftermath.,8b380d2f882ddf0e634c5d61e0d73d2c32f23220
FLOW-CB-confirm_forget_wallets,CB-confirm_forget_wallets,Representative full-path contract for confirm_forget_wallets,actor/chat identity; private admin for admin-only effects,Required: isolated full application / approved provider sandbox,STATIC_DISCOVERY_ONLY; not executed as full flow,BLOCKED,src/presentation/telegram/handlers/mod.rs:1028,"Tool-safety reason unresolved. Feature prerequisites are listed separately, including data/provider/schedule/product requirements. No new flow execution; no real-provider credential shortage inferred for a mock-only test.",,BLOCKED,PRIOR_OUTCOME_RETAINED,NO,EXEC-01 AND BOOT-01 AND TG-01 AND IDENTITY-01 AND DB-01,TG-01;IDENTITY-01;DB-01,EXEC-02 AND COMPONENT-01 may supply handler-level evidence after resolution; cannot close this full-dispatcher FLOW row.,NO_FOR_SIMULATED_SCOPE,BLOCKED,EXEC-01 cannot start because task-owned isolated DB/runtime environment provisioning OPQUAL-DB-001 was TOOL_BLOCKED before execution; no bypass permitted.,OPQUAL-DB-001-BLOCKED.json; execution_started=false; no Docker/network/DB aftermath.,8b380d2f882ddf0e634c5d61e0d73d2c32f23220
FLOW-CB-do_cleanup_events,CB-do_cleanup_events,Representative full-path contract for do_cleanup_events,actor/chat identity; private admin for admin-only effects,Required: isolated full application / approved provider sandbox,STATIC_DISCOVERY_ONLY; not executed as full flow,BLOCKED,src/presentation/telegram/handlers/mod.rs:40,"Tool-safety reason unresolved. Feature prerequisites are listed separately, including data/provider/schedule/product requirements. No new flow execution; no real-provider credential shortage inferred for a mock-only test.",,BLOCKED,PRIOR_OUTCOME_RETAINED,NO,EXEC-01 AND BOOT-01 AND TG-01 AND IDENTITY-01 AND DB-01,TG-01;IDENTITY-01;DB-01,EXEC-02 AND COMPONENT-01 may supply handler-level evidence after resolution; cannot close this full-dispatcher FLOW row.,NO_FOR_SIMULATED_SCOPE,BLOCKED,EXEC-01 cannot start because task-owned isolated DB/runtime environment provisioning OPQUAL-DB-001 was TOOL_BLOCKED before execution; no bypass permitted.,OPQUAL-DB-001-BLOCKED.json; execution_started=false; no Docker/network/DB aftermath.,8b380d2f882ddf0e634c5d61e0d73d2c32f23220
FLOW-CB-do_forget_all,CB-do_forget_all,Representative full-path contract for do_forget_all,actor/chat identity; private admin for admin-only effects,Required: isolated full application / approved provider sandbox,STATIC_DISCOVERY_ONLY; not executed as full flow,BLOCKED,src/presentation/telegram/handlers/mod.rs:44,"Tool-safety reason unresolved. Feature prerequisites are listed separately, including data/provider/schedule/product requirements. No new flow execution; no real-provider credential shortage inferred for a mock-only test.",,BLOCKED,PRIOR_OUTCOME_RETAINED,NO,EXEC-01 AND BOOT-01 AND TG-01 AND IDENTITY-01 AND DB-01,TG-01;IDENTITY-01;DB-01,EXEC-02 AND COMPONENT-01 may supply handler-level evidence after resolution; cannot close this full-dispatcher FLOW row.,NO_FOR_SIMULATED_SCOPE,BLOCKED,EXEC-01 cannot start because task-owned isolated DB/runtime environment provisioning OPQUAL-DB-001 was TOOL_BLOCKED before execution; no bypass permitted.,OPQUAL-DB-001-BLOCKED.json; execution_started=false; no Docker/network/DB aftermath.,8b380d2f882ddf0e634c5d61e0d73d2c32f23220
FLOW-CB-do_forget_wallets,CB-do_forget_wallets,Representative full-path contract for do_forget_wallets,actor/chat identity; private admin for admin-only effects,Required: isolated full application / approved provider sandbox,STATIC_DISCOVERY_ONLY; not executed as full flow,BLOCKED,src/presentation/telegram/handlers/mod.rs:43,"Tool-safety reason unresolved. Feature prerequisites are listed separately, including data/provider/schedule/product requirements. No new flow execution; no real-provider credential shortage inferred for a mock-only test.",,BLOCKED,PRIOR_OUTCOME_RETAINED,NO,EXEC-01 AND BOOT-01 AND TG-01 AND IDENTITY-01 AND DB-01,TG-01;IDENTITY-01;DB-01,EXEC-02 AND COMPONENT-01 may supply handler-level evidence after resolution; cannot close this full-dispatcher FLOW row.,NO_FOR_SIMULATED_SCOPE,BLOCKED,EXEC-01 cannot start because task-owned isolated DB/runtime environment provisioning OPQUAL-DB-001 was TOOL_BLOCKED before execution; no bypass permitted.,OPQUAL-DB-001-BLOCKED.json; execution_started=false; no Docker/network/DB aftermath.,8b380d2f882ddf0e634c5d61e0d73d2c32f23220
FLOW-CB-do_mute_alerts,CB-do_mute_alerts,Representative full-path contract for do_mute_alerts,actor/chat identity; private admin for admin-only effects,Required: isolated full application / approved provider sandbox,STATIC_DISCOVERY_ONLY; not executed as full flow,BLOCKED,src/presentation/telegram/handlers/mod.rs:41,"Tool-safety reason unresolved. Feature prerequisites are listed separately, including data/provider/schedule/product requirements. No new flow execution; no real-provider credential shortage inferred for a mock-only test.",,BLOCKED,PRIOR_OUTCOME_RETAINED,NO,EXEC-01 AND BOOT-01 AND TG-01 AND IDENTITY-01 AND DB-01 AND QUEUE-01,TG-01;IDENTITY-01;DB-01;QUEUE-01,EXEC-02 AND COMPONENT-01 may supply handler-level evidence after resolution; cannot close this full-dispatcher FLOW row.,NO_FOR_SIMULATED_SCOPE,BLOCKED,EXEC-01 cannot start because task-owned isolated DB/runtime environment provisioning OPQUAL-DB-001 was TOOL_BLOCKED before execution; no bypass permitted.,OPQUAL-DB-001-BLOCKED.json; execution_started=false; no Docker/network/DB aftermath.,8b380d2f882ddf0e634c5d61e0d73d2c32f23220
FLOW-CB-do_pause,CB-do_pause,Representative full-path contract for do_pause,actor/chat identity; private admin for admin-only effects,Required: isolated full application / approved provider sandbox,STATIC_DISCOVERY_ONLY; not executed as full flow,BLOCKED,src/presentation/telegram/handlers/mod.rs:38,"Tool-safety reason unresolved. Feature prerequisites are listed separately, including data/provider/schedule/product requirements. No new flow execution; no real-provider credential shortage inferred for a mock-only test.",,BLOCKED,PRIOR_OUTCOME_RETAINED,NO,EXEC-01 AND BOOT-01 AND TG-01 AND IDENTITY-01 AND DB-01,TG-01;IDENTITY-01;DB-01,EXEC-02 AND COMPONENT-01 may supply handler-level evidence after resolution; cannot close this full-dispatcher FLOW row.,NO_FOR_SIMULATED_SCOPE,BLOCKED,EXEC-01 cannot start because task-owned isolated DB/runtime environment provisioning OPQUAL-DB-001 was TOOL_BLOCKED before execution; no bypass permitted.,OPQUAL-DB-001-BLOCKED.json; execution_started=false; no Docker/network/DB aftermath.,8b380d2f882ddf0e634c5d61e0d73d2c32f23220
FLOW-CB-do_resume,CB-do_resume,Representative full-path contract for do_resume,actor/chat identity; private admin for admin-only effects,Required: isolated full application / approved provider sandbox,STATIC_DISCOVERY_ONLY; not executed as full flow,BLOCKED,src/presentation/telegram/handlers/mod.rs:39,"Tool-safety reason unresolved. Feature prerequisites are listed separately, including data/provider/schedule/product requirements. No new flow execution; no real-provider credential shortage inferred for a mock-only test.",,BLOCKED,PRIOR_OUTCOME_RETAINED,NO,EXEC-01 AND BOOT-01 AND TG-01 AND IDENTITY-01 AND DB-01,TG-01;IDENTITY-01;DB-01,EXEC-02 AND COMPONENT-01 may supply handler-level evidence after resolution; cannot close this full-dispatcher FLOW row.,NO_FOR_SIMULATED_SCOPE,BLOCKED,EXEC-01 cannot start because task-owned isolated DB/runtime environment provisioning OPQUAL-DB-001 was TOOL_BLOCKED before execution; no bypass permitted.,OPQUAL-DB-001-BLOCKED.json; execution_started=false; no Docker/network/DB aftermath.,8b380d2f882ddf0e634c5d61e0d73d2c32f23220
FLOW-CB-do_unmute_alerts,CB-do_unmute_alerts,Representative full-path contract for do_unmute_alerts,actor/chat identity; private admin for admin-only effects,Required: isolated full application / approved provider sandbox,STATIC_DISCOVERY_ONLY; not executed as full flow,BLOCKED,src/presentation/telegram/handlers/mod.rs:42,"Tool-safety reason unresolved. Feature prerequisites are listed separately, including data/provider/schedule/product requirements. No new flow execution; no real-provider credential shortage inferred for a mock-only test.",,BLOCKED,PRIOR_OUTCOME_RETAINED,NO,EXEC-01 AND BOOT-01 AND TG-01 AND IDENTITY-01 AND DB-01 AND QUEUE-01,TG-01;IDENTITY-01;DB-01;QUEUE-01,EXEC-02 AND COMPONENT-01 may supply handler-level evidence after resolution; cannot close this full-dispatcher FLOW row.,NO_FOR_SIMULATED_SCOPE,BLOCKED,EXEC-01 cannot start because task-owned isolated DB/runtime environment provisioning OPQUAL-DB-001 was TOOL_BLOCKED before execution; no bypass permitted.,OPQUAL-DB-001-BLOCKED.json; execution_started=false; no Docker/network/DB aftermath.,8b380d2f882ddf0e634c5d61e0d73d2c32f23220
FLOW-CB-refresh_balance,CB-refresh_balance,Representative full-path contract for refresh_balance,actor/chat identity; private admin for admin-only effects,Required: isolated full application / approved provider sandbox,STATIC_DISCOVERY_ONLY; not executed as full flow,BLOCKED,src/presentation/telegram/handlers/mod.rs:1531,"Tool-safety reason unresolved. Feature prerequisites are listed separately, including data/provider/schedule/product requirements. No new flow execution; no real-provider credential shortage inferred for a mock-only test.",,BLOCKED,PRIOR_OUTCOME_RETAINED,NO,EXEC-01 AND BOOT-01 AND TG-01 AND IDENTITY-01 AND NODE-01,TG-01;IDENTITY-01;NODE-01,EXEC-02 AND COMPONENT-01 may supply handler-level evidence after resolution; cannot close this full-dispatcher FLOW row.,NO_FOR_SIMULATED_SCOPE,BLOCKED,EXEC-01 cannot start because task-owned isolated DB/runtime environment provisioning OPQUAL-DB-001 was TOOL_BLOCKED before execution; no bypass permitted.,OPQUAL-DB-001-BLOCKED.json; execution_started=false; no Docker/network/DB aftermath.,8b380d2f882ddf0e634c5d61e0d73d2c32f23220
FLOW-CB-refresh_blocks,CB-refresh_blocks,Representative full-path contract for refresh_blocks,actor/chat identity; private admin for admin-only effects,Required: isolated full application / approved provider sandbox,STATIC_DISCOVERY_ONLY; not executed as full flow,BLOCKED,src/presentation/telegram/handlers/mod.rs:1533,"Tool-safety reason unresolved. Feature prerequisites are listed separately, including data/provider/schedule/product requirements. No new flow execution; no real-provider credential shortage inferred for a mock-only test.",,BLOCKED,PRIOR_OUTCOME_RETAINED,NO,EXEC-01 AND BOOT-01 AND TG-01 AND IDENTITY-01,TG-01;IDENTITY-01,EXEC-02 AND COMPONENT-01 may supply handler-level evidence after resolution; cannot close this full-dispatcher FLOW row.,NO_FOR_SIMULATED_SCOPE,BLOCKED,EXEC-01 cannot start because task-owned isolated DB/runtime environment provisioning OPQUAL-DB-001 was TOOL_BLOCKED before execution; no bypass permitted.,OPQUAL-DB-001-BLOCKED.json; execution_started=false; no Docker/network/DB aftermath.,8b380d2f882ddf0e634c5d61e0d73d2c32f23220
FLOW-CB-refresh_dag,CB-refresh_dag,Representative full-path contract for refresh_dag,actor/chat identity; private admin for admin-only effects,Required: isolated full application / approved provider sandbox,STATIC_DISCOVERY_ONLY; not executed as full flow,BLOCKED,src/presentation/telegram/handlers/mod.rs:1537,"Tool-safety reason unresolved. Feature prerequisites are listed separately, including data/provider/schedule/product requirements. No new flow execution; no real-provider credential shortage inferred for a mock-only test.",,BLOCKED,PRIOR_OUTCOME_RETAINED,NO,EXEC-01 AND BOOT-01 AND TG-01 AND IDENTITY-01 AND NODE-01,TG-01;IDENTITY-01;NODE-01,EXEC-02 AND COMPONENT-01 may supply handler-level evidence after resolution; cannot close this full-dispatcher FLOW row.,NO_FOR_SIMULATED_SCOPE,BLOCKED,EXEC-01 cannot start because task-owned isolated DB/runtime environment provisioning OPQUAL-DB-001 was TOOL_BLOCKED before execution; no bypass permitted.,OPQUAL-DB-001-BLOCKED.json; execution_started=false; no Docker/network/DB aftermath.,8b380d2f882ddf0e634c5d61e0d73d2c32f23220
FLOW-CB-refresh_fees,CB-refresh_fees,Representative full-path contract for refresh_fees,actor/chat identity; private admin for admin-only effects,Required: isolated full application / approved provider sandbox,STATIC_DISCOVERY_ONLY; not executed as full flow,BLOCKED,src/presentation/telegram/handlers/mod.rs:1541,"Tool-safety reason unresolved. Feature prerequisites are listed separately, including data/provider/schedule/product requirements. No new flow execution; no real-provider credential shortage inferred for a mock-only test.",,BLOCKED,PRIOR_OUTCOME_RETAINED,NO,EXEC-01 AND BOOT-01 AND TG-01 AND IDENTITY-01 AND FEE-01,TG-01;IDENTITY-01;FEE-01,EXEC-02 AND COMPONENT-01 may supply handler-level evidence after resolution; cannot close this full-dispatcher FLOW row.,NO_FOR_SIMULATED_SCOPE,BLOCKED,EXEC-01 cannot start because task-owned isolated DB/runtime environment provisioning OPQUAL-DB-001 was TOOL_BLOCKED before execution; no bypass permitted.,OPQUAL-DB-001-BLOCKED.json; execution_started=false; no Docker/network/DB aftermath.,8b380d2f882ddf0e634c5d61e0d73d2c32f23220
FLOW-CB-refresh_market,CB-refresh_market,Representative full-path contract for refresh_market,actor/chat identity; private admin for admin-only effects,Required: isolated full application / approved provider sandbox,STATIC_DISCOVERY_ONLY; not executed as full flow,BLOCKED,src/presentation/telegram/handlers/mod.rs:1539,"Tool-safety reason unresolved. Feature prerequisites are listed separately, including data/provider/schedule/product requirements. No new flow execution; no real-provider credential shortage inferred for a mock-only test.",,BLOCKED,PRIOR_OUTCOME_RETAINED,NO,EXEC-01 AND BOOT-01 AND TG-01 AND IDENTITY-01 AND NODE-01 AND MARKET-01,TG-01;IDENTITY-01;NODE-01;MARKET-01,EXEC-02 AND COMPONENT-01 may supply handler-level evidence after resolution; cannot close this full-dispatcher FLOW row.,NO_FOR_SIMULATED_SCOPE,BLOCKED,EXEC-01 cannot start because task-owned isolated DB/runtime environment provisioning OPQUAL-DB-001 was TOOL_BLOCKED before execution; no bypass permitted.,OPQUAL-DB-001-BLOCKED.json; execution_started=false; no Docker/network/DB aftermath.,8b380d2f882ddf0e634c5d61e0d73d2c32f23220
FLOW-CB-refresh_miner,CB-refresh_miner,Representative full-path contract for refresh_miner,actor/chat identity; private admin for admin-only effects,Required: isolated full application / approved provider sandbox,STATIC_DISCOVERY_ONLY; not executed as full flow,BLOCKED,src/presentation/telegram/handlers/mod.rs:1534,"Tool-safety reason unresolved. Feature prerequisites are listed separately, including data/provider/schedule/product requirements. No new flow execution; no real-provider credential shortage inferred for a mock-only test.",,BLOCKED,PRIOR_OUTCOME_RETAINED,NO,EXEC-01 AND BOOT-01 AND TG-01 AND IDENTITY-01 AND NODE-01,TG-01;IDENTITY-01;NODE-01,EXEC-02 AND COMPONENT-01 may supply handler-level evidence after resolution; cannot close this full-dispatcher FLOW row.,NO_FOR_SIMULATED_SCOPE,BLOCKED,EXEC-01 cannot start because task-owned isolated DB/runtime environment provisioning OPQUAL-DB-001 was TOOL_BLOCKED before execution; no bypass permitted.,OPQUAL-DB-001-BLOCKED.json; execution_started=false; no Docker/network/DB aftermath.,8b380d2f882ddf0e634c5d61e0d73d2c32f23220
FLOW-CB-refresh_network,CB-refresh_network,Representative full-path contract for refresh_network,actor/chat identity; private admin for admin-only effects,Required: isolated full application / approved provider sandbox,STATIC_DISCOVERY_ONLY; not executed as full flow,BLOCKED,src/presentation/telegram/handlers/mod.rs:1536,"Tool-safety reason unresolved. Feature prerequisites are listed separately, including data/provider/schedule/product requirements. No new flow execution; no real-provider credential shortage inferred for a mock-only test.",,BLOCKED,PRIOR_OUTCOME_RETAINED,NO,EXEC-01 AND BOOT-01 AND TG-01 AND IDENTITY-01 AND NODE-01,TG-01;IDENTITY-01;NODE-01,EXEC-02 AND COMPONENT-01 may supply handler-level evidence after resolution; cannot close this full-dispatcher FLOW row.,NO_FOR_SIMULATED_SCOPE,BLOCKED,EXEC-01 cannot start because task-owned isolated DB/runtime environment provisioning OPQUAL-DB-001 was TOOL_BLOCKED before execution; no bypass permitted.,OPQUAL-DB-001-BLOCKED.json; execution_started=false; no Docker/network/DB aftermath.,8b380d2f882ddf0e634c5d61e0d73d2c32f23220
FLOW-CB-refresh_price,CB-refresh_price,Representative full-path contract for refresh_price,actor/chat identity; private admin for admin-only effects,Required: isolated full application / approved provider sandbox,STATIC_DISCOVERY_ONLY; not executed as full flow,BLOCKED,src/presentation/telegram/handlers/mod.rs:1538,"Tool-safety reason unresolved. Feature prerequisites are listed separately, including data/provider/schedule/product requirements. No new flow execution; no real-provider credential shortage inferred for a mock-only test.",,BLOCKED,PRIOR_OUTCOME_RETAINED,NO,EXEC-01 AND BOOT-01 AND TG-01 AND IDENTITY-01 AND NODE-01 AND MARKET-01,TG-01;IDENTITY-01;NODE-01;MARKET-01,EXEC-02 AND COMPONENT-01 may supply handler-level evidence after resolution; cannot close this full-dispatcher FLOW row.,NO_FOR_SIMULATED_SCOPE,BLOCKED,EXEC-01 cannot start because task-owned isolated DB/runtime environment provisioning OPQUAL-DB-001 was TOOL_BLOCKED before execution; no bypass permitted.,OPQUAL-DB-001-BLOCKED.json; execution_started=false; no Docker/network/DB aftermath.,8b380d2f882ddf0e634c5d61e0d73d2c32f23220
FLOW-CB-refresh_stats,CB-refresh_stats,Representative full-path contract for refresh_stats,actor/chat identity; private admin for admin-only effects,Required: isolated full application / approved provider sandbox,STATIC_DISCOVERY_ONLY; not executed as full flow,BLOCKED,src/presentation/telegram/handlers/mod.rs:1545,"Tool-safety reason unresolved. Feature prerequisites are listed separately, including data/provider/schedule/product requirements. No new flow execution; no real-provider credential shortage inferred for a mock-only test.",,BLOCKED,PRIOR_OUTCOME_RETAINED,NO,EXEC-01 AND BOOT-01 AND TG-01 AND IDENTITY-01 AND DB-01,TG-01;IDENTITY-01;DB-01,EXEC-02 AND COMPONENT-01 may supply handler-level evidence after resolution; cannot close this full-dispatcher FLOW row.,NO_FOR_SIMULATED_SCOPE,BLOCKED,EXEC-01 cannot start because task-owned isolated DB/runtime environment provisioning OPQUAL-DB-001 was TOOL_BLOCKED before execution; no bypass permitted.,OPQUAL-DB-001-BLOCKED.json; execution_started=false; no Docker/network/DB aftermath.,8b380d2f882ddf0e634c5d61e0d73d2c32f23220
FLOW-CB-refresh_supply,CB-refresh_supply,Representative full-path contract for refresh_supply,actor/chat identity; private admin for admin-only effects,Required: isolated full application / approved provider sandbox,STATIC_DISCOVERY_ONLY; not executed as full flow,BLOCKED,src/presentation/telegram/handlers/mod.rs:1540,"Tool-safety reason unresolved. Feature prerequisites are listed separately, including data/provider/schedule/product requirements. No new flow execution; no real-provider credential shortage inferred for a mock-only test.",,BLOCKED,PRIOR_OUTCOME_RETAINED,NO,EXEC-01 AND BOOT-01 AND TG-01 AND IDENTITY-01 AND NODE-01,TG-01;IDENTITY-01;NODE-01,EXEC-02 AND COMPONENT-01 may supply handler-level evidence after resolution; cannot close this full-dispatcher FLOW row.,NO_FOR_SIMULATED_SCOPE,BLOCKED,EXEC-01 cannot start because task-owned isolated DB/runtime environment provisioning OPQUAL-DB-001 was TOOL_BLOCKED before execution; no bypass permitted.,OPQUAL-DB-001-BLOCKED.json; execution_started=false; no Docker/network/DB aftermath.,8b380d2f882ddf0e634c5d61e0d73d2c32f23220
FLOW-CB-wp,CB-wp,Representative full-path contract for wp:<token>,token bound to chat and currently tracked wallet,Required: isolated full application / approved provider sandbox,STATIC_DISCOVERY_ONLY; not executed as full flow,BLOCKED,src/presentation/telegram/handlers/mod.rs:1294,"Tool-safety reason unresolved. Feature prerequisites are listed separately, including data/provider/schedule/product requirements. No new flow execution; no real-provider credential shortage inferred for a mock-only test.",,BLOCKED,PRIOR_OUTCOME_RETAINED,NO,EXEC-01 AND BOOT-01 AND TG-01 AND IDENTITY-01 AND DB-01,TG-01;IDENTITY-01;DB-01,EXEC-02 AND COMPONENT-01 may supply handler-level evidence after resolution; cannot close this full-dispatcher FLOW row.,NO_FOR_SIMULATED_SCOPE,BLOCKED,EXEC-01 cannot start because task-owned isolated DB/runtime environment provisioning OPQUAL-DB-001 was TOOL_BLOCKED before execution; no bypass permitted.,OPQUAL-DB-001-BLOCKED.json; execution_started=false; no Docker/network/DB aftermath.,8b380d2f882ddf0e634c5d61e0d73d2c32f23220
FLOW-CB-wbal,CB-wbal,Representative full-path contract for wbal:<token>,token bound to chat and currently tracked wallet,Required: isolated full application / approved provider sandbox,STATIC_DISCOVERY_ONLY; not executed as full flow,BLOCKED,src/presentation/telegram/handlers/mod.rs:1313,"Tool-safety reason unresolved. Feature prerequisites are listed separately, including data/provider/schedule/product requirements. No new flow execution; no real-provider credential shortage inferred for a mock-only test.",,BLOCKED,PRIOR_OUTCOME_RETAINED,NO,EXEC-01 AND BOOT-01 AND TG-01 AND IDENTITY-01 AND DB-01 AND NODE-01,TG-01;IDENTITY-01;DB-01;NODE-01,EXEC-02 AND COMPONENT-01 may supply handler-level evidence after resolution; cannot close this full-dispatcher FLOW row.,NO_FOR_SIMULATED_SCOPE,BLOCKED,EXEC-01 cannot start because task-owned isolated DB/runtime environment provisioning OPQUAL-DB-001 was TOOL_BLOCKED before execution; no bypass permitted.,OPQUAL-DB-001-BLOCKED.json; execution_started=false; no Docker/network/DB aftermath.,8b380d2f882ddf0e634c5d61e0d73d2c32f23220
FLOW-CB-wblk,CB-wblk,Representative full-path contract for wblk:<token>[:page],token bound to chat and currently tracked wallet,Required: isolated full application / approved provider sandbox,STATIC_DISCOVERY_ONLY; not executed as full flow,BLOCKED,src/presentation/telegram/handlers/mod.rs:1333,"Tool-safety reason unresolved. Feature prerequisites are listed separately, including data/provider/schedule/product requirements. No new flow execution; no real-provider credential shortage inferred for a mock-only test.",,BLOCKED,PRIOR_OUTCOME_RETAINED,NO,EXEC-01 AND BOOT-01 AND TG-01 AND IDENTITY-01 AND DB-01,TG-01;IDENTITY-01;DB-01,EXEC-02 AND COMPONENT-01 may supply handler-level evidence after resolution; cannot close this full-dispatcher FLOW row.,NO_FOR_SIMULATED_SCOPE,BLOCKED,EXEC-01 cannot start because task-owned isolated DB/runtime environment provisioning OPQUAL-DB-001 was TOOL_BLOCKED before execution; no bypass permitted.,OPQUAL-DB-001-BLOCKED.json; execution_started=false; no Docker/network/DB aftermath.,8b380d2f882ddf0e634c5d61e0d73d2c32f23220
FLOW-CB-wmin,CB-wmin,Representative full-path contract for wmin:<token>,token bound to chat and currently tracked wallet,Required: isolated full application / approved provider sandbox,STATIC_DISCOVERY_ONLY; not executed as full flow,BLOCKED,src/presentation/telegram/handlers/mod.rs:1360,"Tool-safety reason unresolved. Feature prerequisites are listed separately, including data/provider/schedule/product requirements. No new flow execution; no real-provider credential shortage inferred for a mock-only test.",,BLOCKED,PRIOR_OUTCOME_RETAINED,NO,EXEC-01 AND BOOT-01 AND TG-01 AND IDENTITY-01 AND DB-01 AND NODE-01,TG-01;IDENTITY-01;DB-01;NODE-01,EXEC-02 AND COMPONENT-01 may supply handler-level evidence after resolution; cannot close this full-dispatcher FLOW row.,NO_FOR_SIMULATED_SCOPE,BLOCKED,EXEC-01 cannot start because task-owned isolated DB/runtime environment provisioning OPQUAL-DB-001 was TOOL_BLOCKED before execution; no bypass permitted.,OPQUAL-DB-001-BLOCKED.json; execution_started=false; no Docker/network/DB aftermath.,8b380d2f882ddf0e634c5d61e0d73d2c32f23220
FLOW-CB-wrc,CB-wrc,Representative full-path contract for wrc:<token>,token bound to chat and currently tracked wallet,Required: isolated full application / approved provider sandbox,STATIC_DISCOVERY_ONLY; not executed as full flow,BLOCKED,src/presentation/telegram/handlers/mod.rs:1377,"Tool-safety reason unresolved. Feature prerequisites are listed separately, including data/provider/schedule/product requirements. No new flow execution; no real-provider credential shortage inferred for a mock-only test.",,BLOCKED,PRIOR_OUTCOME_RETAINED,NO,EXEC-01 AND BOOT-01 AND TG-01 AND IDENTITY-01 AND DB-01,TG-01;IDENTITY-01;DB-01,EXEC-02 AND COMPONENT-01 may supply handler-level evidence after resolution; cannot close this full-dispatcher FLOW row.,NO_FOR_SIMULATED_SCOPE,BLOCKED,EXEC-01 cannot start because task-owned isolated DB/runtime environment provisioning OPQUAL-DB-001 was TOOL_BLOCKED before execution; no bypass permitted.,OPQUAL-DB-001-BLOCKED.json; execution_started=false; no Docker/network/DB aftermath.,8b380d2f882ddf0e634c5d61e0d73d2c32f23220
FLOW-CB-wrd,CB-wrd,Representative full-path contract for wrd:<token>,token bound to chat and currently tracked wallet,Required: isolated full application / approved provider sandbox,STATIC_DISCOVERY_ONLY; not executed as full flow,BLOCKED,src/presentation/telegram/handlers/mod.rs:34,"Tool-safety reason unresolved. Feature prerequisites are listed separately, including data/provider/schedule/product requirements. No new flow execution; no real-provider credential shortage inferred for a mock-only test.",,BLOCKED,PRIOR_OUTCOME_RETAINED,NO,EXEC-01 AND BOOT-01 AND TG-01 AND IDENTITY-01 AND DB-01,TG-01;IDENTITY-01;DB-01,EXEC-02 AND COMPONENT-01 may supply handler-level evidence after resolution; cannot close this full-dispatcher FLOW row.,NO_FOR_SIMULATED_SCOPE,BLOCKED,EXEC-01 cannot start because task-owned isolated DB/runtime environment provisioning OPQUAL-DB-001 was TOOL_BLOCKED before execution; no bypass permitted.,OPQUAL-DB-001-BLOCKED.json; execution_started=false; no Docker/network/DB aftermath.,8b380d2f882ddf0e634c5d61e0d73d2c32f23220
FLOW-CB-confirm-pause,CB-confirm-pause,Representative full-path contract for admin_do:pause:<nonce>,bound actor/chat/message/action; TTL 60 seconds; private admin except own data deletion,Required: isolated full application / approved provider sandbox,STATIC_DISCOVERY_ONLY; not executed as full flow,BLOCKED,src/presentation/telegram/handlers/admin_confirm.rs:332,"Tool-safety reason unresolved. Feature prerequisites are listed separately, including data/provider/schedule/product requirements. No new flow execution; no real-provider credential shortage inferred for a mock-only test.",,BLOCKED,PRIOR_OUTCOME_RETAINED,NO,EXEC-01 AND BOOT-01 AND TG-01 AND IDENTITY-01 AND DB-01,TG-01;IDENTITY-01;DB-01,EXEC-02 AND COMPONENT-01 may supply handler-level evidence after resolution; cannot close this full-dispatcher FLOW row.,NO_FOR_SIMULATED_SCOPE,BLOCKED,EXEC-01 cannot start because task-owned isolated DB/runtime environment provisioning OPQUAL-DB-001 was TOOL_BLOCKED before execution; no bypass permitted.,OPQUAL-DB-001-BLOCKED.json; execution_started=false; no Docker/network/DB aftermath.,8b380d2f882ddf0e634c5d61e0d73d2c32f23220
FLOW-CB-confirm-resume,CB-confirm-resume,Representative full-path contract for admin_do:resume:<nonce>,bound actor/chat/message/action; TTL 60 seconds; private admin except own data deletion,Required: isolated full application / approved provider sandbox,STATIC_DISCOVERY_ONLY; not executed as full flow,BLOCKED,src/presentation/telegram/handlers/admin_confirm.rs:332,"Tool-safety reason unresolved. Feature prerequisites are listed separately, including data/provider/schedule/product requirements. No new flow execution; no real-provider credential shortage inferred for a mock-only test.",,BLOCKED,PRIOR_OUTCOME_RETAINED,NO,EXEC-01 AND BOOT-01 AND TG-01 AND IDENTITY-01 AND DB-01,TG-01;IDENTITY-01;DB-01,EXEC-02 AND COMPONENT-01 may supply handler-level evidence after resolution; cannot close this full-dispatcher FLOW row.,NO_FOR_SIMULATED_SCOPE,BLOCKED,EXEC-01 cannot start because task-owned isolated DB/runtime environment provisioning OPQUAL-DB-001 was TOOL_BLOCKED before execution; no bypass permitted.,OPQUAL-DB-001-BLOCKED.json; execution_started=false; no Docker/network/DB aftermath.,8b380d2f882ddf0e634c5d61e0d73d2c32f23220
FLOW-CB-confirm-cleanup_events,CB-confirm-cleanup_events,Representative full-path contract for admin_do:cleanup_events:<nonce>,bound actor/chat/message/action; TTL 60 seconds; private admin except own data deletion,Required: isolated full application / approved provider sandbox,STATIC_DISCOVERY_ONLY; not executed as full flow,BLOCKED,src/presentation/telegram/handlers/admin_confirm.rs:332,"Tool-safety reason unresolved. Feature prerequisites are listed separately, including data/provider/schedule/product requirements. No new flow execution; no real-provider credential shortage inferred for a mock-only test.",,BLOCKED,PRIOR_OUTCOME_RETAINED,NO,EXEC-01 AND BOOT-01 AND TG-01 AND IDENTITY-01 AND DB-01,TG-01;IDENTITY-01;DB-01,EXEC-02 AND COMPONENT-01 may supply handler-level evidence after resolution; cannot close this full-dispatcher FLOW row.,NO_FOR_SIMULATED_SCOPE,BLOCKED,EXEC-01 cannot start because task-owned isolated DB/runtime environment provisioning OPQUAL-DB-001 was TOOL_BLOCKED before execution; no bypass permitted.,OPQUAL-DB-001-BLOCKED.json; execution_started=false; no Docker/network/DB aftermath.,8b380d2f882ddf0e634c5d61e0d73d2c32f23220
FLOW-CB-confirm-mute_alerts,CB-confirm-mute_alerts,Representative full-path contract for admin_do:mute_alerts:<nonce>,bound actor/chat/message/action; TTL 60 seconds; private admin except own data deletion,Required: isolated full application / approved provider sandbox,STATIC_DISCOVERY_ONLY; not executed as full flow,BLOCKED,src/presentation/telegram/handlers/admin_confirm.rs:332,"Tool-safety reason unresolved. Feature prerequisites are listed separately, including data/provider/schedule/product requirements. No new flow execution; no real-provider credential shortage inferred for a mock-only test.",,BLOCKED,PRIOR_OUTCOME_RETAINED,NO,EXEC-01 AND BOOT-01 AND TG-01 AND IDENTITY-01 AND DB-01 AND QUEUE-01,TG-01;IDENTITY-01;DB-01;QUEUE-01,EXEC-02 AND COMPONENT-01 may supply handler-level evidence after resolution; cannot close this full-dispatcher FLOW row.,NO_FOR_SIMULATED_SCOPE,BLOCKED,EXEC-01 cannot start because task-owned isolated DB/runtime environment provisioning OPQUAL-DB-001 was TOOL_BLOCKED before execution; no bypass permitted.,OPQUAL-DB-001-BLOCKED.json; execution_started=false; no Docker/network/DB aftermath.,8b380d2f882ddf0e634c5d61e0d73d2c32f23220
FLOW-CB-confirm-unmute_alerts,CB-confirm-unmute_alerts,Representative full-path contract for admin_do:unmute_alerts:<nonce>,bound actor/chat/message/action; TTL 60 seconds; private admin except own data deletion,Required: isolated full application / approved provider sandbox,STATIC_DISCOVERY_ONLY; not executed as full flow,BLOCKED,src/presentation/telegram/handlers/admin_confirm.rs:332,"Tool-safety reason unresolved. Feature prerequisites are listed separately, including data/provider/schedule/product requirements. No new flow execution; no real-provider credential shortage inferred for a mock-only test.",,BLOCKED,PRIOR_OUTCOME_RETAINED,NO,EXEC-01 AND BOOT-01 AND TG-01 AND IDENTITY-01 AND DB-01 AND QUEUE-01,TG-01;IDENTITY-01;DB-01;QUEUE-01,EXEC-02 AND COMPONENT-01 may supply handler-level evidence after resolution; cannot close this full-dispatcher FLOW row.,NO_FOR_SIMULATED_SCOPE,BLOCKED,EXEC-01 cannot start because task-owned isolated DB/runtime environment provisioning OPQUAL-DB-001 was TOOL_BLOCKED before execution; no bypass permitted.,OPQUAL-DB-001-BLOCKED.json; execution_started=false; no Docker/network/DB aftermath.,8b380d2f882ddf0e634c5d61e0d73d2c32f23220
FLOW-CB-confirm-clear_wallets,CB-confirm-clear_wallets,Representative full-path contract for admin_do:clear_wallets:<nonce>,bound actor/chat/message/action; TTL 60 seconds; private admin except own data deletion,Required: isolated full application / approved provider sandbox,STATIC_DISCOVERY_ONLY; not executed as full flow,BLOCKED,src/presentation/telegram/handlers/admin_confirm.rs:332,"Tool-safety reason unresolved. Feature prerequisites are listed separately, including data/provider/schedule/product requirements. No new flow execution; no real-provider credential shortage inferred for a mock-only test.",,BLOCKED,PRIOR_OUTCOME_RETAINED,NO,EXEC-01 AND BOOT-01 AND TG-01 AND IDENTITY-01 AND DB-01,TG-01;IDENTITY-01;DB-01,EXEC-02 AND COMPONENT-01 may supply handler-level evidence after resolution; cannot close this full-dispatcher FLOW row.,NO_FOR_SIMULATED_SCOPE,BLOCKED,EXEC-01 cannot start because task-owned isolated DB/runtime environment provisioning OPQUAL-DB-001 was TOOL_BLOCKED before execution; no bypass permitted.,OPQUAL-DB-001-BLOCKED.json; execution_started=false; no Docker/network/DB aftermath.,8b380d2f882ddf0e634c5d61e0d73d2c32f23220
FLOW-CB-confirm-forget_all,CB-confirm-forget_all,Representative full-path contract for admin_do:forget_all:<nonce>,bound actor/chat/message/action; TTL 60 seconds; private admin except own data deletion,Required: isolated full application / approved provider sandbox,STATIC_DISCOVERY_ONLY; not executed as full flow,BLOCKED,src/presentation/telegram/handlers/admin_confirm.rs:332,"Tool-safety reason unresolved. Feature prerequisites are listed separately, including data/provider/schedule/product requirements. No new flow execution; no real-provider credential shortage inferred for a mock-only test.",,BLOCKED,PRIOR_OUTCOME_RETAINED,NO,EXEC-01 AND BOOT-01 AND TG-01 AND IDENTITY-01 AND DB-01,TG-01;IDENTITY-01;DB-01,EXEC-02 AND COMPONENT-01 may supply handler-level evidence after resolution; cannot close this full-dispatcher FLOW row.,NO_FOR_SIMULATED_SCOPE,BLOCKED,EXEC-01 cannot start because task-owned isolated DB/runtime environment provisioning OPQUAL-DB-001 was TOOL_BLOCKED before execution; no bypass permitted.,OPQUAL-DB-001-BLOCKED.json; execution_started=false; no Docker/network/DB aftermath.,8b380d2f882ddf0e634c5d61e0d73d2c32f23220
FLOW-CB-confirm-toggle_memory,CB-confirm-toggle_memory,Representative full-path contract for admin_do:toggle_memory:<nonce>,bound actor/chat/message/action; TTL 60 seconds; private admin except own data deletion,Required: isolated full application / approved provider sandbox,STATIC_DISCOVERY_ONLY; not executed as full flow,BLOCKED,src/presentation/telegram/handlers/admin_confirm.rs:332,"Tool-safety reason unresolved. Feature prerequisites are listed separately, including data/provider/schedule/product requirements. No new flow execution; no real-provider credential shortage inferred for a mock-only test.",,BLOCKED,PRIOR_OUTCOME_RETAINED,NO,EXEC-01 AND BOOT-01 AND TG-01 AND IDENTITY-01 AND DB-01,TG-01;IDENTITY-01;DB-01,EXEC-02 AND COMPONENT-01 may supply handler-level evidence after resolution; cannot close this full-dispatcher FLOW row.,NO_FOR_SIMULATED_SCOPE,BLOCKED,EXEC-01 cannot start because task-owned isolated DB/runtime environment provisioning OPQUAL-DB-001 was TOOL_BLOCKED before execution; no bypass permitted.,OPQUAL-DB-001-BLOCKED.json; execution_started=false; no Docker/network/DB aftermath.,8b380d2f882ddf0e634c5d61e0d73d2c32f23220
FLOW-CB-confirm-toggle_live_sync,CB-confirm-toggle_live_sync,Representative full-path contract for admin_do:toggle_live_sync:<nonce>,bound actor/chat/message/action; TTL 60 seconds; private admin except own data deletion,Required: isolated full application / approved provider sandbox,STATIC_DISCOVERY_ONLY; not executed as full flow,BLOCKED,src/presentation/telegram/handlers/admin_confirm.rs:332,"Tool-safety reason unresolved. Feature prerequisites are listed separately, including data/provider/schedule/product requirements. No new flow execution; no real-provider credential shortage inferred for a mock-only test.",,BLOCKED,PRIOR_OUTCOME_RETAINED,NO,EXEC-01 AND BOOT-01 AND TG-01 AND IDENTITY-01 AND DB-01,TG-01;IDENTITY-01;DB-01,EXEC-02 AND COMPONENT-01 may supply handler-level evidence after resolution; cannot close this full-dispatcher FLOW row.,NO_FOR_SIMULATED_SCOPE,BLOCKED,EXEC-01 cannot start because task-owned isolated DB/runtime environment provisioning OPQUAL-DB-001 was TOOL_BLOCKED before execution; no bypass permitted.,OPQUAL-DB-001-BLOCKED.json; execution_started=false; no Docker/network/DB aftermath.,8b380d2f882ddf0e634c5d61e0d73d2c32f23220
FLOW-CB-confirm-toggle_maintenance,CB-confirm-toggle_maintenance,Representative full-path contract for admin_do:toggle_maintenance:<nonce>,bound actor/chat/message/action; TTL 60 seconds; private admin except own data deletion,Required: isolated full application / approved provider sandbox,STATIC_DISCOVERY_ONLY; not executed as full flow,BLOCKED,src/presentation/telegram/handlers/admin_confirm.rs:332,"Tool-safety reason unresolved. Feature prerequisites are listed separately, including data/provider/schedule/product requirements. No new flow execution; no real-provider credential shortage inferred for a mock-only test.",,BLOCKED,PRIOR_OUTCOME_RETAINED,NO,EXEC-01 AND BOOT-01 AND TG-01 AND IDENTITY-01 AND DB-01,TG-01;IDENTITY-01;DB-01,EXEC-02 AND COMPONENT-01 may supply handler-level evidence after resolution; cannot close this full-dispatcher FLOW row.,NO_FOR_SIMULATED_SCOPE,BLOCKED,EXEC-01 cannot start because task-owned isolated DB/runtime environment provisioning OPQUAL-DB-001 was TOOL_BLOCKED before execution; no bypass permitted.,OPQUAL-DB-001-BLOCKED.json; execution_started=false; no Docker/network/DB aftermath.,8b380d2f882ddf0e634c5d61e0d73d2c32f23220
FLOW-CB-legacy-rm_wallet_,CB-legacy-rm_wallet_,Representative full-path contract for rm_wallet_<legacy payload>,stale client message,Required: isolated full application / approved provider sandbox,STATIC_DISCOVERY_ONLY; not executed as full flow,BLOCKED,src/presentation/telegram/handlers/mod.rs:1270,"Tool-safety reason unresolved. Feature prerequisites are listed separately, including data/provider/schedule/product requirements. No new flow execution; no real-provider credential shortage inferred for a mock-only test.",,BLOCKED,PRIOR_OUTCOME_RETAINED,NO,EXEC-01 AND BOOT-01 AND TG-01 AND IDENTITY-01,TG-01;IDENTITY-01,EXEC-02 AND COMPONENT-01 may supply handler-level evidence after resolution; cannot close this full-dispatcher FLOW row.,NO_FOR_SIMULATED_SCOPE,BLOCKED,EXEC-01 cannot start because task-owned isolated DB/runtime environment provisioning OPQUAL-DB-001 was TOOL_BLOCKED before execution; no bypass permitted.,OPQUAL-DB-001-BLOCKED.json; execution_started=false; no Docker/network/DB aftermath.,8b380d2f882ddf0e634c5d61e0d73d2c32f23220
FLOW-CB-legacy-wallet_panel_,CB-legacy-wallet_panel_,Representative full-path contract for wallet_panel_<legacy payload>,stale client message,Required: isolated full application / approved provider sandbox,STATIC_DISCOVERY_ONLY; not executed as full flow,BLOCKED,src/presentation/telegram/handlers/mod.rs:1271,"Tool-safety reason unresolved. Feature prerequisites are listed separately, including data/provider/schedule/product requirements. No new flow execution; no real-provider credential shortage inferred for a mock-only test.",,BLOCKED,PRIOR_OUTCOME_RETAINED,NO,EXEC-01 AND BOOT-01 AND TG-01 AND IDENTITY-01,TG-01;IDENTITY-01,EXEC-02 AND COMPONENT-01 may supply handler-level evidence after resolution; cannot close this full-dispatcher FLOW row.,NO_FOR_SIMULATED_SCOPE,BLOCKED,EXEC-01 cannot start because task-owned isolated DB/runtime environment provisioning OPQUAL-DB-001 was TOOL_BLOCKED before execution; no bypass permitted.,OPQUAL-DB-001-BLOCKED.json; execution_started=false; no Docker/network/DB aftermath.,8b380d2f882ddf0e634c5d61e0d73d2c32f23220
FLOW-CB-legacy-wallet_balance_,CB-legacy-wallet_balance_,Representative full-path contract for wallet_balance_<legacy payload>,stale client message,Required: isolated full application / approved provider sandbox,STATIC_DISCOVERY_ONLY; not executed as full flow,BLOCKED,src/presentation/telegram/handlers/mod.rs:1272,"Tool-safety reason unresolved. Feature prerequisites are listed separately, including data/provider/schedule/product requirements. No new flow execution; no real-provider credential shortage inferred for a mock-only test.",,BLOCKED,PRIOR_OUTCOME_RETAINED,NO,EXEC-01 AND BOOT-01 AND TG-01 AND IDENTITY-01,TG-01;IDENTITY-01,EXEC-02 AND COMPONENT-01 may supply handler-level evidence after resolution; cannot close this full-dispatcher FLOW row.,NO_FOR_SIMULATED_SCOPE,BLOCKED,EXEC-01 cannot start because task-owned isolated DB/runtime environment provisioning OPQUAL-DB-001 was TOOL_BLOCKED before execution; no bypass permitted.,OPQUAL-DB-001-BLOCKED.json; execution_started=false; no Docker/network/DB aftermath.,8b380d2f882ddf0e634c5d61e0d73d2c32f23220
FLOW-CB-legacy-wallet_blocks_,CB-legacy-wallet_blocks_,Representative full-path contract for wallet_blocks_<legacy payload>,stale client message,Required: isolated full application / approved provider sandbox,STATIC_DISCOVERY_ONLY; not executed as full flow,BLOCKED,src/presentation/telegram/handlers/mod.rs:1273,"Tool-safety reason unresolved. Feature prerequisites are listed separately, including data/provider/schedule/product requirements. No new flow execution; no real-provider credential shortage inferred for a mock-only test.",,BLOCKED,PRIOR_OUTCOME_RETAINED,NO,EXEC-01 AND BOOT-01 AND TG-01 AND IDENTITY-01,TG-01;IDENTITY-01,EXEC-02 AND COMPONENT-01 may supply handler-level evidence after resolution; cannot close this full-dispatcher FLOW row.,NO_FOR_SIMULATED_SCOPE,BLOCKED,EXEC-01 cannot start because task-owned isolated DB/runtime environment provisioning OPQUAL-DB-001 was TOOL_BLOCKED before execution; no bypass permitted.,OPQUAL-DB-001-BLOCKED.json; execution_started=false; no Docker/network/DB aftermath.,8b380d2f882ddf0e634c5d61e0d73d2c32f23220
FLOW-CB-legacy-wallet_miner_,CB-legacy-wallet_miner_,Representative full-path contract for wallet_miner_<legacy payload>,stale client message,Required: isolated full application / approved provider sandbox,STATIC_DISCOVERY_ONLY; not executed as full flow,BLOCKED,src/presentation/telegram/handlers/mod.rs:1274,"Tool-safety reason unresolved. Feature prerequisites are listed separately, including data/provider/schedule/product requirements. No new flow execution; no real-provider credential shortage inferred for a mock-only test.",,BLOCKED,PRIOR_OUTCOME_RETAINED,NO,EXEC-01 AND BOOT-01 AND TG-01 AND IDENTITY-01,TG-01;IDENTITY-01,EXEC-02 AND COMPONENT-01 may supply handler-level evidence after resolution; cannot close this full-dispatcher FLOW row.,NO_FOR_SIMULATED_SCOPE,BLOCKED,EXEC-01 cannot start because task-owned isolated DB/runtime environment provisioning OPQUAL-DB-001 was TOOL_BLOCKED before execution; no bypass permitted.,OPQUAL-DB-001-BLOCKED.json; execution_started=false; no Docker/network/DB aftermath.,8b380d2f882ddf0e634c5d61e0d73d2c32f23220
FLOW-CB-legacy-wallet_remove_confirm_,CB-legacy-wallet_remove_confirm_,Representative full-path contract for wallet_remove_confirm_<legacy payload>,stale client message,Required: isolated full application / approved provider sandbox,STATIC_DISCOVERY_ONLY; not executed as full flow,BLOCKED,src/presentation/telegram/handlers/mod.rs:1275,"Tool-safety reason unresolved. Feature prerequisites are listed separately, including data/provider/schedule/product requirements. No new flow execution; no real-provider credential shortage inferred for a mock-only test.",,BLOCKED,PRIOR_OUTCOME_RETAINED,NO,EXEC-01 AND BOOT-01 AND TG-01 AND IDENTITY-01,TG-01;IDENTITY-01,EXEC-02 AND COMPONENT-01 may supply handler-level evidence after resolution; cannot close this full-dispatcher FLOW row.,NO_FOR_SIMULATED_SCOPE,BLOCKED,EXEC-01 cannot start because task-owned isolated DB/runtime environment provisioning OPQUAL-DB-001 was TOOL_BLOCKED before execution; no bypass permitted.,OPQUAL-DB-001-BLOCKED.json; execution_started=false; no Docker/network/DB aftermath.,8b380d2f882ddf0e634c5d61e0d73d2c32f23220
FLOW-CB-legacy-wallet_remove_do_,CB-legacy-wallet_remove_do_,Representative full-path contract for wallet_remove_do_<legacy payload>,stale client message,Required: isolated full application / approved provider sandbox,STATIC_DISCOVERY_ONLY; not executed as full flow,BLOCKED,src/presentation/telegram/handlers/mod.rs:1276,"Tool-safety reason unresolved. Feature prerequisites are listed separately, including data/provider/schedule/product requirements. No new flow execution; no real-provider credential shortage inferred for a mock-only test.",,BLOCKED,PRIOR_OUTCOME_RETAINED,NO,EXEC-01 AND BOOT-01 AND TG-01 AND IDENTITY-01,TG-01;IDENTITY-01,EXEC-02 AND COMPONENT-01 may supply handler-level evidence after resolution; cannot close this full-dispatcher FLOW row.,NO_FOR_SIMULATED_SCOPE,BLOCKED,EXEC-01 cannot start because task-owned isolated DB/runtime environment provisioning OPQUAL-DB-001 was TOOL_BLOCKED before execution; no bypass permitted.,OPQUAL-DB-001-BLOCKED.json; execution_started=false; no Docker/network/DB aftermath.,8b380d2f882ddf0e634c5d61e0d73d2c32f23220
FLOW-JOB-telegram_webhook_server,JOB-telegram_webhook_server,Representative full-path contract for telegram_webhook_server,configured service instance,Required: isolated full application / approved provider sandbox,STATIC_DISCOVERY_ONLY; not executed as full flow,BLOCKED,src/main.rs:688,"Tool-safety reason unresolved. Feature prerequisites are listed separately, including data/provider/schedule/product requirements. No new flow execution; no real-provider credential shortage inferred for a mock-only test.",,BLOCKED,PRIOR_OUTCOME_RETAINED,NO,EXEC-01 AND BOOT-01 AND TG-01 AND OBS-HTTP AND SIGNAL-01,TG-01;OBS-HTTP;SIGNAL-01,"Library-only evidence, if separately approved, must remain component-level.",NO_FOR_SIMULATED_SCOPE,BLOCKED,EXEC-01 cannot start because task-owned isolated DB/runtime environment provisioning OPQUAL-DB-001 was TOOL_BLOCKED before execution; no bypass permitted.,OPQUAL-DB-001-BLOCKED.json; execution_started=false; no Docker/network/DB aftermath.,8b380d2f882ddf0e634c5d61e0d73d2c32f23220
FLOW-JOB-health_endpoint,JOB-health_endpoint,Representative full-path contract for health_endpoint,configured service instance,Required: isolated full application / approved provider sandbox,STATIC_DISCOVERY_ONLY; not executed as full flow,BLOCKED,src/infrastructure/webhook_security.rs:138,"Tool-safety reason unresolved. Feature prerequisites are listed separately, including data/provider/schedule/product requirements. No new flow execution; no real-provider credential shortage inferred for a mock-only test.",,BLOCKED,PRIOR_OUTCOME_RETAINED,NO,EXEC-01 AND BOOT-01 AND OBS-HTTP AND SIGNAL-01,OBS-HTTP;SIGNAL-01,"Library-only evidence, if separately approved, must remain component-level.",NO_FOR_SIMULATED_SCOPE,BLOCKED,EXEC-01 cannot start because task-owned isolated DB/runtime environment provisioning OPQUAL-DB-001 was TOOL_BLOCKED before execution; no bypass permitted.,OPQUAL-DB-001-BLOCKED.json; execution_started=false; no Docker/network/DB aftermath.,8b380d2f882ddf0e634c5d61e0d73d2c32f23220
FLOW-JOB-telegram_delivery_worker,JOB-telegram_delivery_worker,Representative full-path contract for telegram_delivery_worker,configured service instance,Required: isolated full application / approved provider sandbox,STATIC_DISCOVERY_ONLY; not executed as full flow,BLOCKED,src/presentation/telegram/workers/telegram_delivery.rs:13,"Tool-safety reason unresolved. Feature prerequisites are listed separately, including data/provider/schedule/product requirements. No new flow execution; no real-provider credential shortage inferred for a mock-only test.",,BLOCKED,PRIOR_OUTCOME_RETAINED,NO,EXEC-01 AND BOOT-01 AND TG-01 AND DB-01 AND QUEUE-01 AND SIGNAL-01,TG-01;DB-01;QUEUE-01;SIGNAL-01,"Library-only evidence, if separately approved, must remain component-level.",NO_FOR_SIMULATED_SCOPE,BLOCKED,EXEC-01 cannot start because task-owned isolated DB/runtime environment provisioning OPQUAL-DB-001 was TOOL_BLOCKED before execution; no bypass permitted.,OPQUAL-DB-001-BLOCKED.json; execution_started=false; no Docker/network/DB aftermath.,8b380d2f882ddf0e634c5d61e0d73d2c32f23220
FLOW-JOB-utxo_monitor_task,JOB-utxo_monitor_task,Representative full-path contract for utxo_monitor_task,configured service instance,Required: isolated full application / approved provider sandbox,STATIC_DISCOVERY_ONLY; not executed as full flow,BLOCKED,src/presentation/telegram/workers/utxo_monitor.rs:76,"Tool-safety reason unresolved. Feature prerequisites are listed separately, including data/provider/schedule/product requirements. No new flow execution; no real-provider credential shortage inferred for a mock-only test.",,BLOCKED,PRIOR_OUTCOME_RETAINED,NO,EXEC-01 AND BOOT-01 AND NODE-01 AND DB-01 AND SIGNAL-01,NODE-01;DB-01;SIGNAL-01,"Library-only evidence, if separately approved, must remain component-level.",NO_FOR_SIMULATED_SCOPE,BLOCKED,EXEC-01 cannot start because task-owned isolated DB/runtime environment provisioning OPQUAL-DB-001 was TOOL_BLOCKED before execution; no bypass permitted.,OPQUAL-DB-001-BLOCKED.json; execution_started=false; no Docker/network/DB aftermath.,8b380d2f882ddf0e634c5d61e0d73d2c32f23220
FLOW-JOB-periodic_system_task,JOB-periodic_system_task,Representative full-path contract for periodic_system_task,configured service instance,Required: isolated full application / approved provider sandbox,STATIC_DISCOVERY_ONLY; not executed as full flow,BLOCKED,src/presentation/telegram/workers/periodic_tasks.rs:14,"Tool-safety reason unresolved. Feature prerequisites are listed separately, including data/provider/schedule/product requirements. No new flow execution; no real-provider credential shortage inferred for a mock-only test.",,BLOCKED,PRIOR_OUTCOME_RETAINED,NO,EXEC-01 AND BOOT-01 AND DB-01 AND CLOCK-01 AND SIGNAL-01,DB-01;CLOCK-01;SIGNAL-01,"Library-only evidence, if separately approved, must remain component-level.",NO_FOR_SIMULATED_SCOPE,BLOCKED,EXEC-01 cannot start because task-owned isolated DB/runtime environment provisioning OPQUAL-DB-001 was TOOL_BLOCKED before execution; no bypass permitted.,OPQUAL-DB-001-BLOCKED.json; execution_started=false; no Docker/network/DB aftermath.,8b380d2f882ddf0e634c5d61e0d73d2c32f23220
FLOW-JOB-periodic_kas_price_sync,JOB-periodic_kas_price_sync,Representative full-path contract for periodic_kas_price_sync,configured service instance,Required: isolated full application / approved provider sandbox,STATIC_DISCOVERY_ONLY; not executed as full flow,BLOCKED,src/presentation/telegram/workers/periodic_tasks.rs:32,"Tool-safety reason unresolved. Feature prerequisites are listed separately, including data/provider/schedule/product requirements. No new flow execution; no real-provider credential shortage inferred for a mock-only test.",,BLOCKED,PRIOR_OUTCOME_RETAINED,NO,EXEC-01 AND BOOT-01 AND DB-01 AND MARKET-01 AND CLOCK-01 AND SIGNAL-01,DB-01;MARKET-01;CLOCK-01;SIGNAL-01,"Library-only evidence, if separately approved, must remain component-level.",NO_FOR_SIMULATED_SCOPE,BLOCKED,EXEC-01 cannot start because task-owned isolated DB/runtime environment provisioning OPQUAL-DB-001 was TOOL_BLOCKED before execution; no bypass permitted.,OPQUAL-DB-001-BLOCKED.json; execution_started=false; no Docker/network/DB aftermath.,8b380d2f882ddf0e634c5d61e0d73d2c32f23220
FLOW-JOB-kaspa_subscription_runtime,JOB-kaspa_subscription_runtime,Representative full-path contract for kaspa_subscription_runtime,configured service instance,Required: isolated full application / approved provider sandbox,STATIC_DISCOVERY_ONLY; not executed as full flow,BLOCKED,src/infrastructure/node/subscription.rs:363,"Tool-safety reason unresolved. Feature prerequisites are listed separately, including data/provider/schedule/product requirements. No new flow execution; no real-provider credential shortage inferred for a mock-only test.",,BLOCKED,PRIOR_OUTCOME_RETAINED,NO,EXEC-01 AND BOOT-01 AND NODE-01 AND SIGNAL-01,NODE-01;SIGNAL-01,"Library-only evidence, if separately approved, must remain component-level.",NO_FOR_SIMULATED_SCOPE,BLOCKED,EXEC-01 cannot start because task-owned isolated DB/runtime environment provisioning OPQUAL-DB-001 was TOOL_BLOCKED before execution; no bypass permitted.,OPQUAL-DB-001-BLOCKED.json; execution_started=false; no Docker/network/DB aftermath.,8b380d2f882ddf0e634c5d61e0d73d2c32f23220
FLOW-JOB-price_monitor,JOB-price_monitor,Representative full-path contract for price_monitor,configured service instance,Required: isolated full application / approved provider sandbox,STATIC_DISCOVERY_ONLY; not executed as full flow,BLOCKED,src/infrastructure/external_services/system.rs:52,"Tool-safety reason unresolved. Feature prerequisites are listed separately, including data/provider/schedule/product requirements. No new flow execution; no real-provider credential shortage inferred for a mock-only test.",,BLOCKED,PRIOR_OUTCOME_RETAINED,NO,EXEC-01 AND BOOT-01 AND MARKET-01 AND CLOCK-01 AND SIGNAL-01,MARKET-01;CLOCK-01;SIGNAL-01,"Library-only evidence, if separately approved, must remain component-level.",NO_FOR_SIMULATED_SCOPE,BLOCKED,EXEC-01 cannot start because task-owned isolated DB/runtime environment provisioning OPQUAL-DB-001 was TOOL_BLOCKED before execution; no bypass permitted.,OPQUAL-DB-001-BLOCKED.json; execution_started=false; no Docker/network/DB aftermath.,8b380d2f882ddf0e634c5d61e0d73d2c32f23220
FLOW-JOB-node_connectivity_monitor,JOB-node_connectivity_monitor,Representative full-path contract for node_connectivity_monitor,configured service instance,Required: isolated full application / approved provider sandbox,STATIC_DISCOVERY_ONLY; not executed as full flow,BLOCKED,src/infrastructure/external_services/system.rs:158,"Tool-safety reason unresolved. Feature prerequisites are listed separately, including data/provider/schedule/product requirements. No new flow execution; no real-provider credential shortage inferred for a mock-only test.",,BLOCKED,PRIOR_OUTCOME_RETAINED,NO,EXEC-01 AND BOOT-01 AND NODE-01 AND CLOCK-01 AND SIGNAL-01,NODE-01;CLOCK-01;SIGNAL-01,"Library-only evidence, if separately approved, must remain component-level.",NO_FOR_SIMULATED_SCOPE,BLOCKED,EXEC-01 cannot start because task-owned isolated DB/runtime environment provisioning OPQUAL-DB-001 was TOOL_BLOCKED before execution; no bypass permitted.,OPQUAL-DB-001-BLOCKED.json; execution_started=false; no Docker/network/DB aftermath.,8b380d2f882ddf0e634c5d61e0d73d2c32f23220
FLOW-JOB-runtime_memory_cleaner,JOB-runtime_memory_cleaner,Representative full-path contract for runtime_memory_cleaner,configured service instance,Required: isolated full application / approved provider sandbox,STATIC_DISCOVERY_ONLY; not executed as full flow,BLOCKED,src/infrastructure/external_services/system.rs:251,"Tool-safety reason unresolved. Feature prerequisites are listed separately, including data/provider/schedule/product requirements. No new flow execution; no real-provider credential shortage inferred for a mock-only test.",,BLOCKED,PRIOR_OUTCOME_RETAINED,NO,EXEC-01 AND BOOT-01 AND CLOCK-01 AND SIGNAL-01,CLOCK-01;SIGNAL-01,"Library-only evidence, if separately approved, must remain component-level.",NO_FOR_SIMULATED_SCOPE,BLOCKED,EXEC-01 cannot start because task-owned isolated DB/runtime environment provisioning OPQUAL-DB-001 was TOOL_BLOCKED before execution; no bypass permitted.,OPQUAL-DB-001-BLOCKED.json; execution_started=false; no Docker/network/DB aftermath.,8b380d2f882ddf0e634c5d61e0d73d2c32f23220
FLOW-TASK-utxo_wallet_scan,TASK-utxo_wallet_scan,Representative full-path contract for utxo_wallet_scan,task accepted before supervisor shutdown,Required: isolated full application / approved provider sandbox,STATIC_DISCOVERY_ONLY; not executed as full flow,BLOCKED,src/presentation/telegram/workers/utxo_monitor.rs:133,"Tool-safety reason unresolved. Feature prerequisites are listed separately, including data/provider/schedule/product requirements. No new flow execution; no real-provider credential shortage inferred for a mock-only test.",,BLOCKED,PRIOR_OUTCOME_RETAINED,NO,EXEC-01 AND BOOT-01 AND NODE-01 AND DB-01 AND SIGNAL-01,NODE-01;DB-01;SIGNAL-01,"Library-only evidence, if separately approved, must remain component-level.",NO_FOR_SIMULATED_SCOPE,BLOCKED,EXEC-01 cannot start because task-owned isolated DB/runtime environment provisioning OPQUAL-DB-001 was TOOL_BLOCKED before execution; no bypass permitted.,OPQUAL-DB-001-BLOCKED.json; execution_started=false; no Docker/network/DB aftermath.,8b380d2f882ddf0e634c5d61e0d73d2c32f23220
FLOW-TASK-utxo_reward_analysis,TASK-utxo_reward_analysis,Representative full-path contract for utxo_reward_analysis,task accepted before supervisor shutdown,Required: isolated full application / approved provider sandbox,STATIC_DISCOVERY_ONLY; not executed as full flow,BLOCKED,src/wallet/wallet_use_cases.rs:537,"Tool-safety reason unresolved. Feature prerequisites are listed separately, including data/provider/schedule/product requirements. No new flow execution; no real-provider credential shortage inferred for a mock-only test.",,BLOCKED,PRIOR_OUTCOME_RETAINED,NO,EXEC-01 AND BOOT-01 AND NODE-01 AND DB-01 AND SIGNAL-01,NODE-01;DB-01;SIGNAL-01,"Library-only evidence, if separately approved, must remain component-level.",NO_FOR_SIMULATED_SCOPE,BLOCKED,EXEC-01 cannot start because task-owned isolated DB/runtime environment provisioning OPQUAL-DB-001 was TOOL_BLOCKED before execution; no bypass permitted.,OPQUAL-DB-001-BLOCKED.json; execution_started=false; no Docker/network/DB aftermath.,8b380d2f882ddf0e634c5d61e0d73d2c32f23220
FLOW-TASK-telegram_command,TASK-telegram_command,Representative full-path contract for telegram_command,task accepted before supervisor shutdown,Required: isolated full application / approved provider sandbox,STATIC_DISCOVERY_ONLY; not executed as full flow,BLOCKED,src/presentation/telegram/handlers/lifecycle.rs:22,"Tool-safety reason unresolved. Feature prerequisites are listed separately, including data/provider/schedule/product requirements. No new flow execution; no real-provider credential shortage inferred for a mock-only test.",,BLOCKED,PRIOR_OUTCOME_RETAINED,NO,EXEC-01 AND BOOT-01 AND TG-01 AND DB-01 AND SIGNAL-01,TG-01;DB-01;SIGNAL-01,"Library-only evidence, if separately approved, must remain component-level.",NO_FOR_SIMULATED_SCOPE,BLOCKED,EXEC-01 cannot start because task-owned isolated DB/runtime environment provisioning OPQUAL-DB-001 was TOOL_BLOCKED before execution; no bypass permitted.,OPQUAL-DB-001-BLOCKED.json; execution_started=false; no Docker/network/DB aftermath.,8b380d2f882ddf0e634c5d61e0d73d2c32f23220
FLOW-TASK-telegram_callback,TASK-telegram_callback,Representative full-path contract for telegram_callback,task accepted before supervisor shutdown,Required: isolated full application / approved provider sandbox,STATIC_DISCOVERY_ONLY; not executed as full flow,BLOCKED,src/presentation/telegram/handlers/lifecycle.rs:38,"Tool-safety reason unresolved. Feature prerequisites are listed separately, including data/provider/schedule/product requirements. No new flow execution; no real-provider credential shortage inferred for a mock-only test.",,BLOCKED,PRIOR_OUTCOME_RETAINED,NO,EXEC-01 AND BOOT-01 AND TG-01 AND DB-01 AND SIGNAL-01,TG-01;DB-01;SIGNAL-01,"Library-only evidence, if separately approved, must remain component-level.",NO_FOR_SIMULATED_SCOPE,BLOCKED,EXEC-01 cannot start because task-owned isolated DB/runtime environment provisioning OPQUAL-DB-001 was TOOL_BLOCKED before execution; no bypass permitted.,OPQUAL-DB-001-BLOCKED.json; execution_started=false; no Docker/network/DB aftermath.,8b380d2f882ddf0e634c5d61e0d73d2c32f23220
FLOW-TASK-telegram_raw_message,TASK-telegram_raw_message,Representative full-path contract for telegram_raw_message,task accepted before supervisor shutdown,Required: isolated full application / approved provider sandbox,STATIC_DISCOVERY_ONLY; not executed as full flow,BLOCKED,src/presentation/telegram/handlers/lifecycle.rs:50,"Tool-safety reason unresolved. Feature prerequisites are listed separately, including data/provider/schedule/product requirements. No new flow execution; no real-provider credential shortage inferred for a mock-only test.",,BLOCKED,PRIOR_OUTCOME_RETAINED,NO,EXEC-01 AND BOOT-01 AND TG-01 AND DB-01 AND SIGNAL-01,TG-01;DB-01;SIGNAL-01,"Library-only evidence, if separately approved, must remain component-level.",NO_FOR_SIMULATED_SCOPE,BLOCKED,EXEC-01 cannot start because task-owned isolated DB/runtime environment provisioning OPQUAL-DB-001 was TOOL_BLOCKED before execution; no bypass permitted.,OPQUAL-DB-001-BLOCKED.json; execution_started=false; no Docker/network/DB aftermath.,8b380d2f882ddf0e634c5d61e0d73d2c32f23220
FLOW-HTTP-healthz,HTTP-healthz,Representative full-path contract for /healthz,enabled loopback health service,Required: isolated full application / approved provider sandbox,STATIC_DISCOVERY_ONLY; not executed as full flow,BLOCKED,src/infrastructure/webhook_security.rs:167,"Tool-safety reason unresolved. Feature prerequisites are listed separately, including data/provider/schedule/product requirements. No new flow execution; no real-provider credential shortage inferred for a mock-only test.",,BLOCKED,PRIOR_OUTCOME_RETAINED,NO,EXEC-01 AND BOOT-01 AND OBS-HTTP,OBS-HTTP,,NO_FOR_SIMULATED_SCOPE,BLOCKED,EXEC-01 cannot start because task-owned isolated DB/runtime environment provisioning OPQUAL-DB-001 was TOOL_BLOCKED before execution; no bypass permitted.,OPQUAL-DB-001-BLOCKED.json; execution_started=false; no Docker/network/DB aftermath.,8b380d2f882ddf0e634c5d61e0d73d2c32f23220
FLOW-HTTP-readyz,HTTP-readyz,Representative full-path contract for /readyz,enabled loopback health service,Required: isolated full application / approved provider sandbox,STATIC_DISCOVERY_ONLY; not executed as full flow,BLOCKED,src/infrastructure/webhook_security.rs:168,"Tool-safety reason unresolved. Feature prerequisites are listed separately, including data/provider/schedule/product requirements. No new flow execution; no real-provider credential shortage inferred for a mock-only test.",,BLOCKED,PRIOR_OUTCOME_RETAINED,NO,EXEC-01 AND BOOT-01 AND OBS-HTTP AND DB-01 AND NODE-01 AND QUEUE-01,OBS-HTTP;DB-01;NODE-01;QUEUE-01,,NO_FOR_SIMULATED_SCOPE,BLOCKED,EXEC-01 cannot start because task-owned isolated DB/runtime environment provisioning OPQUAL-DB-001 was TOOL_BLOCKED before execution; no bypass permitted.,OPQUAL-DB-001-BLOCKED.json; execution_started=false; no Docker/network/DB aftermath.,8b380d2f882ddf0e634c5d61e0d73d2c32f23220
FLOW-HTTP-metrics,HTTP-metrics,Representative full-path contract for /metrics,enabled loopback health service,Required: isolated full application / approved provider sandbox,STATIC_DISCOVERY_ONLY; not executed as full flow,BLOCKED,src/infrastructure/webhook_security.rs:169,"Tool-safety reason unresolved. Feature prerequisites are listed separately, including data/provider/schedule/product requirements. No new flow execution; no real-provider credential shortage inferred for a mock-only test.",,BLOCKED,PRIOR_OUTCOME_RETAINED,NO,EXEC-01 AND BOOT-01 AND OBS-HTTP,OBS-HTTP,,NO_FOR_SIMULATED_SCOPE,BLOCKED,EXEC-01 cannot start because task-owned isolated DB/runtime environment provisioning OPQUAL-DB-001 was TOOL_BLOCKED before execution; no bypass permitted.,OPQUAL-DB-001-BLOCKED.json; execution_started=false; no Docker/network/DB aftermath.,8b380d2f882ddf0e634c5d61e0d73d2c32f23220
FLOW-HTTP-webhook,HTTP-webhook,Representative full-path contract for /webhook,webhook mode and matching secret,Required: isolated full application / approved provider sandbox,STATIC_DISCOVERY_ONLY; not executed as full flow,BLOCKED,src/main.rs:653,"Tool-safety reason unresolved. Feature prerequisites are listed separately, including data/provider/schedule/product requirements. No new flow execution; no real-provider credential shortage inferred for a mock-only test.",,BLOCKED,PRIOR_OUTCOME_RETAINED,NO,EXEC-01 AND BOOT-01 AND OBS-HTTP AND TG-01 AND IDENTITY-01 AND DB-01,OBS-HTTP;TG-01;IDENTITY-01;DB-01,,NO_FOR_SIMULATED_SCOPE,BLOCKED,EXEC-01 cannot start because task-owned isolated DB/runtime environment provisioning OPQUAL-DB-001 was TOOL_BLOCKED before execution; no bypass permitted.,OPQUAL-DB-001-BLOCKED.json; execution_started=false; no Docker/network/DB aftermath.,8b380d2f882ddf0e634c5d61e0d73d2c32f23220
FLOW-INT-telegram,INT-telegram,Representative full-path contract for Telegram Bot API,authorized provider sandbox; no real messages/transactions,Required: isolated full application / approved provider sandbox,STATIC_DISCOVERY_ONLY; not executed as full flow,BLOCKED,src/main.rs:425,"Tool-safety reason unresolved. Feature prerequisites are listed separately, including data/provider/schedule/product requirements. No new flow execution; no real-provider credential shortage inferred for a mock-only test.",,BLOCKED,PRIOR_OUTCOME_RETAINED,NO,EXEC-01 AND BOOT-01 AND TG-01 AND QUEUE-01 AND DB-01,TG-01;QUEUE-01;DB-01,An approved adapter test may add partial evidence; genuine provider access is not necessary for the authorized mocked scope.,NO_FOR_SIMULATED_SCOPE,BLOCKED,EXEC-01 cannot start because task-owned isolated DB/runtime environment provisioning OPQUAL-DB-001 was TOOL_BLOCKED before execution; no bypass permitted.,OPQUAL-DB-001-BLOCKED.json; execution_started=false; no Docker/network/DB aftermath.,8b380d2f882ddf0e634c5d61e0d73d2c32f23220
FLOW-INT-kaspa-wrpc,INT-kaspa-wrpc,Representative full-path contract for Kaspa wRPC queries and notifications,authorized provider sandbox; no real messages/transactions,Required: isolated full application / approved provider sandbox,STATIC_DISCOVERY_ONLY; not executed as full flow,BLOCKED,src/infrastructure/node/kaspa_adapter.rs:8,"Tool-safety reason unresolved. Feature prerequisites are listed separately, including data/provider/schedule/product requirements. No new flow execution; no real-provider credential shortage inferred for a mock-only test.",,BLOCKED,PRIOR_OUTCOME_RETAINED,NO,EXEC-01 AND BOOT-01 AND NODE-01 AND DB-01,NODE-01;DB-01,An approved adapter test may add partial evidence; genuine provider access is not necessary for the authorized mocked scope.,NO_FOR_SIMULATED_SCOPE,BLOCKED,EXEC-01 cannot start because task-owned isolated DB/runtime environment provisioning OPQUAL-DB-001 was TOOL_BLOCKED before execution; no bypass permitted.,OPQUAL-DB-001-BLOCKED.json; execution_started=false; no Docker/network/DB aftermath.,8b380d2f882ddf0e634c5d61e0d73d2c32f23220
FLOW-INT-coingecko-current,INT-coingecko-current,Representative full-path contract for COINGECKO_API_URL,authorized provider sandbox; no real messages/transactions,Required: isolated full application / approved provider sandbox,STATIC_DISCOVERY_ONLY; not executed as full flow,BLOCKED,src/infrastructure/market/coingecko_adapter.rs:41,"Tool-safety reason unresolved. Feature prerequisites are listed separately, including data/provider/schedule/product requirements. No new flow execution; no real-provider credential shortage inferred for a mock-only test.",,BLOCKED,PRIOR_OUTCOME_RETAINED,NO,EXEC-01 AND BOOT-01 AND MARKET-01,MARKET-01,An approved adapter test may add partial evidence; genuine provider access is not necessary for the authorized mocked scope.,NO_FOR_SIMULATED_SCOPE,BLOCKED,EXEC-01 cannot start because task-owned isolated DB/runtime environment provisioning OPQUAL-DB-001 was TOOL_BLOCKED before execution; no bypass permitted.,OPQUAL-DB-001-BLOCKED.json; execution_started=false; no Docker/network/DB aftermath.,8b380d2f882ddf0e634c5d61e0d73d2c32f23220
FLOW-INT-coingecko-history,INT-coingecko-history,Representative full-path contract for COINGECKO_MARKET_CHART_RANGE_URL,authorized provider sandbox; no real messages/transactions,Required: isolated full application / approved provider sandbox,STATIC_DISCOVERY_ONLY; not executed as full flow,BLOCKED,src/infrastructure/market/coingecko_adapter.rs:117,"Tool-safety reason unresolved. Feature prerequisites are listed separately, including data/provider/schedule/product requirements. No new flow execution; no real-provider credential shortage inferred for a mock-only test.",,BLOCKED,PRIOR_OUTCOME_RETAINED,NO,EXEC-01 AND BOOT-01 AND MARKET-01 AND DB-01 AND CLOCK-01,MARKET-01;DB-01;CLOCK-01,An approved adapter test may add partial evidence; genuine provider access is not necessary for the authorized mocked scope.,NO_FOR_SIMULATED_SCOPE,BLOCKED,EXEC-01 cannot start because task-owned isolated DB/runtime environment provisioning OPQUAL-DB-001 was TOOL_BLOCKED before execution; no bypass permitted.,OPQUAL-DB-001-BLOCKED.json; execution_started=false; no Docker/network/DB aftermath.,8b380d2f882ddf0e634c5d61e0d73d2c32f23220
FLOW-INT-kaspa-price,INT-kaspa-price,Representative full-path contract for Kaspa.org price feed,authorized provider sandbox; no real messages/transactions,Required: isolated full application / approved provider sandbox,STATIC_DISCOVERY_ONLY; not executed as full flow,BLOCKED,src/infrastructure/external_services/system.rs:85,"Tool-safety reason unresolved. Feature prerequisites are listed separately, including data/provider/schedule/product requirements. No new flow execution; no real-provider credential shortage inferred for a mock-only test.",,BLOCKED,PRIOR_OUTCOME_RETAINED,NO,EXEC-01 AND BOOT-01 AND MARKET-01,MARKET-01,An approved adapter test may add partial evidence; genuine provider access is not necessary for the authorized mocked scope.,NO_FOR_SIMULATED_SCOPE,BLOCKED,EXEC-01 cannot start because task-owned isolated DB/runtime environment provisioning OPQUAL-DB-001 was TOOL_BLOCKED before execution; no bypass permitted.,OPQUAL-DB-001-BLOCKED.json; execution_started=false; no Docker/network/DB aftermath.,8b380d2f882ddf0e634c5d61e0d73d2c32f23220
FLOW-INT-kaspa-marketcap,INT-kaspa-marketcap,Representative full-path contract for Kaspa.org market cap feed,authorized provider sandbox; no real messages/transactions,Required: isolated full application / approved provider sandbox,STATIC_DISCOVERY_ONLY; not executed as full flow,BLOCKED,src/infrastructure/external_services/system.rs:87,"Tool-safety reason unresolved. Feature prerequisites are listed separately, including data/provider/schedule/product requirements. No new flow execution; no real-provider credential shortage inferred for a mock-only test.",,BLOCKED,PRIOR_OUTCOME_RETAINED,NO,EXEC-01 AND BOOT-01 AND MARKET-01,MARKET-01,An approved adapter test may add partial evidence; genuine provider access is not necessary for the authorized mocked scope.,NO_FOR_SIMULATED_SCOPE,BLOCKED,EXEC-01 cannot start because task-owned isolated DB/runtime environment provisioning OPQUAL-DB-001 was TOOL_BLOCKED before execution; no bypass permitted.,OPQUAL-DB-001-BLOCKED.json; execution_started=false; no Docker/network/DB aftermath.,8b380d2f882ddf0e634c5d61e0d73d2c32f23220
FLOW-INT-kaspa-fees,INT-kaspa-fees,Representative full-path contract for Kaspa.org fee estimates,authorized provider sandbox; no real messages/transactions,Required: isolated full application / approved provider sandbox,STATIC_DISCOVERY_ONLY; not executed as full flow,BLOCKED,src/presentation/telegram/handlers/network.rs:218,"Tool-safety reason unresolved. Feature prerequisites are listed separately, including data/provider/schedule/product requirements. No new flow execution; no real-provider credential shortage inferred for a mock-only test.",,BLOCKED,PRIOR_OUTCOME_RETAINED,NO,EXEC-01 AND BOOT-01 AND FEE-01 AND TG-01,FEE-01;TG-01,An approved adapter test may add partial evidence; genuine provider access is not necessary for the authorized mocked scope.,NO_FOR_SIMULATED_SCOPE,BLOCKED,EXEC-01 cannot start because task-owned isolated DB/runtime environment provisioning OPQUAL-DB-001 was TOOL_BLOCKED before execution; no bypass permitted.,OPQUAL-DB-001-BLOCKED.json; execution_started=false; no Docker/network/DB aftermath.,8b380d2f882ddf0e634c5d61e0d73d2c32f23220
FLOW-LIFE-startup,LIFE-startup,Representative full-path contract for startup validation and command synchronization,isolated application process with synthetic state,Required: isolated full application / approved provider sandbox,STATIC_DISCOVERY_ONLY; not executed as full flow,BLOCKED,src/main.rs:281,"Tool-safety reason unresolved. Feature prerequisites are listed separately, including data/provider/schedule/product requirements. No new flow execution; no real-provider credential shortage inferred for a mock-only test.",,BLOCKED,PRIOR_OUTCOME_RETAINED,NO,EXEC-01 AND BOOT-01 AND DB-01 AND TG-01 AND NODE-01 AND OBS-HTTP,DB-01;TG-01;NODE-01;OBS-HTTP,,NO_FOR_SIMULATED_SCOPE,BLOCKED,EXEC-01 cannot start because task-owned isolated DB/runtime environment provisioning OPQUAL-DB-001 was TOOL_BLOCKED before execution; no bypass permitted.,OPQUAL-DB-001-BLOCKED.json; execution_started=false; no Docker/network/DB aftermath.,8b380d2f882ddf0e634c5d61e0d73d2c32f23220
FLOW-LIFE-settings,LIFE-settings,Representative full-path contract for persisted settings load at startup,isolated application process with synthetic state,Required: isolated full application / approved provider sandbox,STATIC_DISCOVERY_ONLY; not executed as full flow,BLOCKED,src/infrastructure/database/settings_repo.rs:49,"Tool-safety reason unresolved. Feature prerequisites are listed separately, including data/provider/schedule/product requirements. No new flow execution; no real-provider credential shortage inferred for a mock-only test.",,BLOCKED,PRIOR_OUTCOME_RETAINED,NO,EXEC-01 AND BOOT-01 AND DB-01 AND TG-01 AND IDENTITY-01 AND SIGNAL-01,DB-01;TG-01;IDENTITY-01;SIGNAL-01,,NO_FOR_SIMULATED_SCOPE,BLOCKED,EXEC-01 cannot start because task-owned isolated DB/runtime environment provisioning OPQUAL-DB-001 was TOOL_BLOCKED before execution; no bypass permitted.,OPQUAL-DB-001-BLOCKED.json; execution_started=false; no Docker/network/DB aftermath.,8b380d2f882ddf0e634c5d61e0d73d2c32f23220
FLOW-LIFE-shutdown,LIFE-shutdown,Representative full-path contract for SIGTERM/dispatcher/worker shutdown,isolated application process with synthetic state,Required: isolated full application / approved provider sandbox,STATIC_DISCOVERY_ONLY; not executed as full flow,BLOCKED,src/main.rs:195,"Tool-safety reason unresolved. Feature prerequisites are listed separately, including data/provider/schedule/product requirements. No new flow execution; no real-provider credential shortage inferred for a mock-only test.",,BLOCKED,PRIOR_OUTCOME_RETAINED,NO,EXEC-01 AND BOOT-01 AND DB-01 AND SIGNAL-01 AND NODE-01,DB-01;SIGNAL-01;NODE-01;PRE-PG,,NO_FOR_SIMULATED_SCOPE,BLOCKED,EXEC-01 cannot start because task-owned isolated DB/runtime environment provisioning OPQUAL-DB-001 was TOOL_BLOCKED before execution; no bypass permitted.,OPQUAL-DB-001-BLOCKED.json; execution_started=false; no Docker/network/DB aftermath.,8b380d2f882ddf0e634c5d61e0d73d2c32f23220
FLOW-LIFE-pool-close,LIFE-pool-close,Representative full-path contract for SQLx pool close after shutdown,isolated application process with synthetic state,Required: isolated full application / approved provider sandbox,STATIC_DISCOVERY_ONLY; not executed as full flow,BLOCKED,src/infrastructure/database/mod.rs:15,"Tool-safety reason unresolved. Feature prerequisites are listed separately, including data/provider/schedule/product requirements. No new flow execution; no real-provider credential shortage inferred for a mock-only test.",,BLOCKED,PRIOR_OUTCOME_RETAINED,NO,EXEC-01 AND BOOT-01 AND DB-01 AND SIGNAL-01 AND NODE-01,DB-01;SIGNAL-01;NODE-01;PRE-PG,,NO_FOR_SIMULATED_SCOPE,BLOCKED,EXEC-01 cannot start because task-owned isolated DB/runtime environment provisioning OPQUAL-DB-001 was TOOL_BLOCKED before execution; no bypass permitted.,OPQUAL-DB-001-BLOCKED.json; execution_started=false; no Docker/network/DB aftermath.,8b380d2f882ddf0e634c5d61e0d73d2c32f23220
FLOW-LIFE-panic-marker,LIFE-panic-marker,Representative full-path contract for panic marker file recovery,isolated application process with synthetic state,Required: isolated full application / approved provider sandbox,DATABASE_INTEGRATION_VERIFIED,VERIFIED_PASS,src/main.rs panic_marker_recovery_tests; local-fixes-20260914-03/final-qualification-v5.log,Actual repository persistence/removal and failure-retention tested against isolated PostgreSQL. Full process restart journey remains blocked and is not claimed as FULL_BOT_JOURNEY.,,NOT_TESTED,NEW_EXECUTION_THIS_ROUND,YES,,,,NO_FOR_SIMULATED_SCOPE,VERIFIED_PASS,,Reused prior evidence; source unchanged at exact qualified head.,8b380d2f882ddf0e634c5d61e0d73d2c32f23220
FLOW-EVENT-chat-member,EVENT-chat-member,Representative full-path contract for my_chat_member,Telegram chat-member update,Required: isolated full application / approved provider sandbox,IN_PROCESS_INTEGRATION_VERIFIED,VERIFIED_PASS,callback_execution_tests::my_chat_member_filter_dispatches_to_application_handler; final-qualification-v5.log,Teloxide dptree filter dispatch and actual application handler verified with synthetic update; no live Telegram ingress/full bot listener.,,NOT_TESTED,NEW_EXECUTION_THIS_ROUND,YES,,,,NO_FOR_SIMULATED_SCOPE,VERIFIED_PASS,,Reused prior evidence; source unchanged at exact qualified head.,8b380d2f882ddf0e634c5d61e0d73d2c32f23220
COMP-001,CMD-add,Wallet addition is idempotent,Synthetic fixtures; application role where DB-backed,kas; isolated audit_ci/PostgreSQL namespace and disposable migration-test DBs,LOCAL_POSTGRES_BACKEND,VERIFIED_PASS,local-fixes-20260914-02/final-suite.log:416; test=wallet_add_is_idempotent_for_the_same_chat_and_wallet,Reused prior execution at unchanged source fingerprint; original log hashes revalidated. Only named lower-layer assertion is proven; not a new run or full Telegram journey.,,VERIFIED_PASS,REEXECUTED_ON_CHANGED_FINAL_SOURCE,YES,,,,NO_FOR_SIMULATED_SCOPE,VERIFIED_PASS,,Reused prior evidence; source unchanged at exact qualified head.,8b380d2f882ddf0e634c5d61e0d73d2c32f23220
COMP-002,"CMD-add,CMD-list",Distinct chats may track the same wallet,Synthetic fixtures; application role where DB-backed,kas; isolated audit_ci/PostgreSQL namespace and disposable migration-test DBs,LOCAL_POSTGRES_BACKEND,VERIFIED_PASS,local-fixes-20260914-02/final-suite.log:415; test=the_same_wallet_can_be_tracked_by_distinct_chats,Reused prior execution at unchanged source fingerprint; original log hashes revalidated. Only named lower-layer assertion is proven; not a new run or full Telegram journey.,,VERIFIED_PASS,REEXECUTED_ON_CHANGED_FINAL_SOURCE,YES,,,,NO_FOR_SIMULATED_SCOPE,VERIFIED_PASS,,Reused prior evidence; source unchanged at exact qualified head.,8b380d2f882ddf0e634c5d61e0d73d2c32f23220
COMP-003,CMD-remove,Remove only the exact chat-wallet pair,Synthetic fixtures; application role where DB-backed,kas; isolated audit_ci/PostgreSQL namespace and disposable migration-test DBs,LOCAL_POSTGRES_BACKEND,VERIFIED_PASS,local-fixes-20260914-02/final-suite.log:417; test=wallet_remove_deletes_only_the_exact_chat_wallet_pair,Reused prior execution at unchanged source fingerprint; original log hashes revalidated. Only named lower-layer assertion is proven; not a new run or full Telegram journey.,,VERIFIED_PASS,REEXECUTED_ON_CHANGED_FINAL_SOURCE,YES,,,,NO_FOR_SIMULATED_SCOPE,VERIFIED_PASS,,Reused prior evidence; source unchanged at exact qualified head.,8b380d2f882ddf0e634c5d61e0d73d2c32f23220
COMP-004,CMD-remove,Distinguish removed from not-found on repeated removal,Synthetic fixtures; application role where DB-backed,kas; isolated audit_ci/PostgreSQL namespace and disposable migration-test DBs,LOCAL_POSTGRES_BACKEND,VERIFIED_PASS,local-fixes-20260914-02/final-suite.log:289; test=f07_remove_wallet_distinguishes_removed_from_not_found,Reused prior execution at unchanged source fingerprint; original log hashes revalidated. Only named lower-layer assertion is proven; not a new run or full Telegram journey.,,VERIFIED_PASS,REEXECUTED_ON_CHANGED_FINAL_SOURCE,YES,,,,NO_FOR_SIMULATED_SCOPE,VERIFIED_PASS,,Reused prior evidence; source unchanged at exact qualified head.,8b380d2f882ddf0e634c5d61e0d73d2c32f23220
COMP-005,CMD-forget_all,Delete all allowed user links and orphan wallet data,Synthetic fixtures; application role where DB-backed,kas; isolated audit_ci/PostgreSQL namespace and disposable migration-test DBs,LOCAL_POSTGRES_BACKEND,VERIFIED_PASS,local-fixes-20260914-02/final-suite.log:288; test=f01_forget_all_removes_every_allowed_user_link_and_orphan_wallet_state,Reused prior execution at unchanged source fingerprint; original log hashes revalidated. Only named lower-layer assertion is proven; not a new run or full Telegram journey.,,VERIFIED_PASS,REEXECUTED_ON_CHANGED_FINAL_SOURCE,YES,,,,NO_FOR_SIMULATED_SCOPE,VERIFIED_PASS,,Reused prior evidence; source unchanged at exact qualified head.,8b380d2f882ddf0e634c5d61e0d73d2c32f23220
COMP-006,"CMD-forget_all,CMD-add",Concurrent subscriber preserves shared wallet state during deletion,Synthetic fixtures; application role where DB-backed,kas; isolated audit_ci/PostgreSQL namespace and disposable migration-test DBs,LOCAL_POSTGRES_BACKEND,VERIFIED_PASS,local-fixes-20260914-02/final-suite.log:259; test=f01_concurrent_subscriber_keeps_shared_wallet_state,Reused prior execution at unchanged source fingerprint; original log hashes revalidated. Only named lower-layer assertion is proven; not a new run or full Telegram journey.,,VERIFIED_PASS,REEXECUTED_ON_CHANGED_FINAL_SOURCE,YES,,,,NO_FOR_SIMULATED_SCOPE,VERIFIED_PASS,,Reused prior evidence; source unchanged at exact qualified head.,8b380d2f882ddf0e634c5d61e0d73d2c32f23220
COMP-007,CMD-add,Concurrent additions respect per-user quota,Synthetic fixtures; application role where DB-backed,kas; isolated audit_ci/PostgreSQL namespace and disposable migration-test DBs,LOCAL_POSTGRES_BACKEND,VERIFIED_PASS,local-fixes-20260914-02/final-suite.log:274; test=concurrent_wallet_additions_cannot_exceed_per_user_limit,Reused prior execution at unchanged source fingerprint; original log hashes revalidated. Only named lower-layer assertion is proven; not a new run or full Telegram journey.,,VERIFIED_PASS,REEXECUTED_ON_CHANGED_FINAL_SOURCE,YES,,,,NO_FOR_SIMULATED_SCOPE,VERIFIED_PASS,,Reused prior evidence; source unchanged at exact qualified head.,8b380d2f882ddf0e634c5d61e0d73d2c32f23220
COMP-008,"CB-wp,CB-wrd",Stale wallet token cannot retarget after list changes,Synthetic fixtures; application role where DB-backed,kas; isolated audit_ci/PostgreSQL namespace and disposable migration-test DBs,LOCAL_POSTGRES_AND_TOKEN_LOGIC,VERIFIED_PASS,local-fixes-20260914-02/final-suite.log:286; test=f02_stale_wallet_callback_cannot_retarget_after_list_changes,Reused prior execution at unchanged source fingerprint; original log hashes revalidated. Only named lower-layer assertion is proven; not a new run or full Telegram journey.,,VERIFIED_PASS,REEXECUTED_ON_CHANGED_FINAL_SOURCE,YES,,,,NO_FOR_SIMULATED_SCOPE,VERIFIED_PASS,,Reused prior evidence; source unchanged at exact qualified head.,8b380d2f882ddf0e634c5d61e0d73d2c32f23220
COMP-009,JOB-telegram_delivery_worker,Atomic dedup/seen/recipient outbox commit,Synthetic fixtures; application role where DB-backed,kas; isolated audit_ci/PostgreSQL namespace and disposable migration-test DBs,LOCAL_POSTGRES_BACKEND,VERIFIED_PASS,local-fixes-20260914-02/final-suite.log:464; test=commits_dedup_seen_and_recipient_queue_rows_atomically,Reused prior execution at unchanged source fingerprint; original log hashes revalidated. Only named lower-layer assertion is proven; not a new run or full Telegram journey.,,VERIFIED_PASS,REEXECUTED_ON_CHANGED_FINAL_SOURCE,YES,,,,NO_FOR_SIMULATED_SCOPE,VERIFIED_PASS,,Reused prior evidence; source unchanged at exact qualified head.,8b380d2f882ddf0e634c5d61e0d73d2c32f23220
COMP-010,JOB-telegram_delivery_worker,Duplicate outbox submission does not duplicate recipient rows,Synthetic fixtures; application role where DB-backed,kas; isolated audit_ci/PostgreSQL namespace and disposable migration-test DBs,LOCAL_POSTGRES_BACKEND,VERIFIED_PASS,local-fixes-20260914-02/final-suite.log:468; test=repeated_commit_does_not_duplicate_queue_rows,Reused prior execution at unchanged source fingerprint; original log hashes revalidated. Only named lower-layer assertion is proven; not a new run or full Telegram journey.,,VERIFIED_PASS,REEXECUTED_ON_CHANGED_FINAL_SOURCE,YES,,,,NO_FOR_SIMULATED_SCOPE,VERIFIED_PASS,,Reused prior evidence; source unchanged at exact qualified head.,8b380d2f882ddf0e634c5d61e0d73d2c32f23220
COMP-011,JOB-telegram_delivery_worker,Forced queue insert failure rolls back dedup and seen state,Synthetic fixtures; application role where DB-backed,kas; isolated audit_ci/PostgreSQL namespace and disposable migration-test DBs,LOCAL_POSTGRES_FAILURE_INJECTION,VERIFIED_PASS,local-fixes-20260914-02/final-suite.log:466; test=queue_insert_failure_rolls_back_dedup_and_seen,Reused prior execution at unchanged source fingerprint; original log hashes revalidated. Only named lower-layer assertion is proven; not a new run or full Telegram journey.,,VERIFIED_PASS,REEXECUTED_ON_CHANGED_FINAL_SOURCE,YES,,,,NO_FOR_SIMULATED_SCOPE,VERIFIED_PASS,,Reused prior evidence; source unchanged at exact qualified head.,8b380d2f882ddf0e634c5d61e0d73d2c32f23220
COMP-012,JOB-telegram_delivery_worker,Reconcile existing dedup entry lacking queue row,Synthetic fixtures; application role where DB-backed,kas; isolated audit_ci/PostgreSQL namespace and disposable migration-test DBs,LOCAL_POSTGRES_BACKEND,VERIFIED_PASS,local-fixes-20260914-02/final-suite.log:462; test=existing_dedup_without_queue_is_reconciled,Reused prior execution at unchanged source fingerprint; original log hashes revalidated. Only named lower-layer assertion is proven; not a new run or full Telegram journey.,,VERIFIED_PASS,REEXECUTED_ON_CHANGED_FINAL_SOURCE,YES,,,,NO_FOR_SIMULATED_SCOPE,VERIFIED_PASS,,Reused prior evidence; source unchanged at exact qualified head.,8b380d2f882ddf0e634c5d61e0d73d2c32f23220
COMP-013,CMD-mute_alerts,Disabled delivery records dedup/seen but no queue rows,Synthetic fixtures; application role where DB-backed,kas; isolated audit_ci/PostgreSQL namespace and disposable migration-test DBs,LOCAL_POSTGRES_BACKEND,VERIFIED_PASS,local-fixes-20260914-02/final-suite.log:461; test=disabled_delivery_commits_dedup_and_seen_without_queue_rows,Reused prior execution at unchanged source fingerprint; original log hashes revalidated. Only named lower-layer assertion is proven; not a new run or full Telegram journey.,,VERIFIED_PASS,REEXECUTED_ON_CHANGED_FINAL_SOURCE,YES,,,,NO_FOR_SIMULATED_SCOPE,VERIFIED_PASS,,Reused prior evidence; source unchanged at exact qualified head.,8b380d2f882ddf0e634c5d61e0d73d2c32f23220
COMP-014,JOB-utxo_monitor_task,Concurrent alert claims have a single winner,Synthetic fixtures; application role where DB-backed,kas; isolated audit_ci/PostgreSQL namespace and disposable migration-test DBs,LOCAL_POSTGRES_BACKEND,VERIFIED_PASS,local-fixes-20260914-02/final-suite.log:408; test=concurrent_alert_claims_allow_exactly_one_winner,Reused prior execution at unchanged source fingerprint; original log hashes revalidated. Only named lower-layer assertion is proven; not a new run or full Telegram journey.,,VERIFIED_PASS,REEXECUTED_ON_CHANGED_FINAL_SOURCE,YES,,,,NO_FOR_SIMULATED_SCOPE,VERIFIED_PASS,,Reused prior evidence; source unchanged at exact qualified head.,8b380d2f882ddf0e634c5d61e0d73d2c32f23220
COMP-015,JOB-telegram_delivery_worker,Fresh processing row is not claimed twice,Synthetic fixtures; application role where DB-backed,kas; isolated audit_ci/PostgreSQL namespace and disposable migration-test DBs,LOCAL_POSTGRES_BACKEND,VERIFIED_PASS,local-fixes-20260914-02/final-suite.log:404; test=a_fresh_processing_message_is_not_claimed_twice,Reused prior execution at unchanged source fingerprint; original log hashes revalidated. Only named lower-layer assertion is proven; not a new run or full Telegram journey.,,VERIFIED_PASS,REEXECUTED_ON_CHANGED_FINAL_SOURCE,YES,,,,NO_FOR_SIMULATED_SCOPE,VERIFIED_PASS,,Reused prior evidence; source unchanged at exact qualified head.,8b380d2f882ddf0e634c5d61e0d73d2c32f23220
COMP-016,JOB-telegram_delivery_worker,Stale processing row can be reclaimed,Synthetic fixtures; application role where DB-backed,kas; isolated audit_ci/PostgreSQL namespace and disposable migration-test DBs,LOCAL_POSTGRES_BACKEND,VERIFIED_PASS,local-fixes-20260914-02/final-suite.log:405; test=a_stale_processing_message_is_reclaimed_after_the_worker_crash_window,Reused prior execution at unchanged source fingerprint; original log hashes revalidated. Only named lower-layer assertion is proven; not a new run or full Telegram journey.,,VERIFIED_PASS,REEXECUTED_ON_CHANGED_FINAL_SOURCE,YES,,,,NO_FOR_SIMULATED_SCOPE,VERIFIED_PASS,,Reused prior evidence; source unchanged at exact qualified head.,8b380d2f882ddf0e634c5d61e0d73d2c32f23220
COMP-017,JOB-telegram_delivery_worker,Mark sent clears processing locks,Synthetic fixtures; application role where DB-backed,kas; isolated audit_ci/PostgreSQL namespace and disposable migration-test DBs,LOCAL_POSTGRES_BACKEND,VERIFIED_PASS,local-fixes-20260914-02/final-suite.log:410; test=mark_sent_finishes_the_processing_row_and_clears_its_lock,Reused prior execution at unchanged source fingerprint; original log hashes revalidated. Only named lower-layer assertion is proven; not a new run or full Telegram journey.,,VERIFIED_PASS,REEXECUTED_ON_CHANGED_FINAL_SOURCE,YES,,,,NO_FOR_SIMULATED_SCOPE,VERIFIED_PASS,,Reused prior evidence; source unchanged at exact qualified head.,8b380d2f882ddf0e634c5d61e0d73d2c32f23220
COMP-018,JOB-telegram_delivery_worker,Repeated delivery failures back off and become terminal,Synthetic fixtures; application role where DB-backed,kas; isolated audit_ci/PostgreSQL namespace and disposable migration-test DBs,LOCAL_POSTGRES_BACKEND,VERIFIED_PASS,local-fixes-20260914-02/final-suite.log:412; test=repeated_delivery_failures_back_off_then_become_terminal,Reused prior execution at unchanged source fingerprint; original log hashes revalidated. Only named lower-layer assertion is proven; not a new run or full Telegram journey.,,VERIFIED_PASS,REEXECUTED_ON_CHANGED_FINAL_SOURCE,YES,,,,NO_FOR_SIMULATED_SCOPE,VERIFIED_PASS,,Reused prior evidence; source unchanged at exact qualified head.,8b380d2f882ddf0e634c5d61e0d73d2c32f23220
COMP-019,HTTP-readyz,Queue metrics distinguish recent and historical failures,Synthetic fixtures; application role where DB-backed,kas; isolated audit_ci/PostgreSQL namespace and disposable migration-test DBs,LOCAL_POSTGRES_BACKEND,VERIFIED_PASS,local-fixes-20260914-02/final-suite.log:411; test=queue_stats_separate_historical_and_recent_terminal_failures,Reused prior execution at unchanged source fingerprint; original log hashes revalidated. Only named lower-layer assertion is proven; not a new run or full Telegram journey.,,VERIFIED_PASS,REEXECUTED_ON_CHANGED_FINAL_SOURCE,YES,,,,NO_FOR_SIMULATED_SCOPE,VERIFIED_PASS,,Reused prior evidence; source unchanged at exact qualified head.,8b380d2f882ddf0e634c5d61e0d73d2c32f23220
COMP-020,LIFE-settings,Missing settings insert defaults; missing schema returns error,Synthetic fixtures; application role where DB-backed,kas; isolated audit_ci/PostgreSQL namespace and disposable migration-test DBs,LOCAL_POSTGRES_BACKEND,VERIFIED_PASS,local-fixes-20260914-02/final-suite.log:290; test=f09_startup_persisted_settings_default_only_when_missing_and_fail_on_db_error,Reused prior execution at unchanged source fingerprint; original log hashes revalidated. Only named lower-layer assertion is proven; not a new run or full Telegram journey.,,VERIFIED_PASS,REEXECUTED_ON_CHANGED_FINAL_SOURCE,YES,,,,NO_FOR_SIMULATED_SCOPE,VERIFIED_PASS,,Reused prior evidence; source unchanged at exact qualified head.,8b380d2f882ddf0e634c5d61e0d73d2c32f23220
COMP-021,CMD-db_diag,Admin diagnostic queries fail closed on schema error,Synthetic fixtures; application role where DB-backed,kas; isolated audit_ci/PostgreSQL namespace and disposable migration-test DBs,LOCAL_POSTGRES_BACKEND,VERIFIED_PASS,local-fixes-20260914-02/final-suite.log:287; test=f03_admin_diagnostics_fail_closed_on_schema_query_failure,Reused prior execution at unchanged source fingerprint; original log hashes revalidated. Only named lower-layer assertion is proven; not a new run or full Telegram journey.,,VERIFIED_PASS,REEXECUTED_ON_CHANGED_FINAL_SOURCE,YES,,,,NO_FOR_SIMULATED_SCOPE,VERIFIED_PASS,,Reused prior evidence; source unchanged at exact qualified head.,8b380d2f882ddf0e634c5d61e0d73d2c32f23220
COMP-022,LIFE-startup,Fresh versioned migrations enable app-role DB workflows without CI grants,Synthetic fixtures; application role where DB-backed,kas; isolated audit_ci/PostgreSQL namespace and disposable migration-test DBs,LOCAL_POSTGRES_MIGRATIONS_ONLY,VERIFIED_PASS,local-fixes-20260914-02/final-suite.log:322; test=f12_versioned_migrations_alone_enable_real_runtime_workflows,Reused prior execution at unchanged source fingerprint; original log hashes revalidated. Only named lower-layer assertion is proven; not a new run or full Telegram journey.,,VERIFIED_PASS,REEXECUTED_ON_CHANGED_FINAL_SOURCE,YES,,,,NO_FOR_SIMULATED_SCOPE,VERIFIED_PASS,,Reused prior evidence; source unchanged at exact qualified head.,8b380d2f882ddf0e634c5d61e0d73d2c32f23220
COMP-023,LIFE-startup,Legacy upgrade preserves canary and works without mined_blocks_id_seq,Synthetic fixtures; application role where DB-backed,kas; isolated audit_ci/PostgreSQL namespace and disposable migration-test DBs,LOCAL_POSTGRES_MIGRATIONS_ONLY,VERIFIED_PASS,local-fixes-20260914-02/final-suite.log:321; test=f13_legacy_upgrade_without_id_sequence_preserves_real_runtime_workflows,Reused prior execution at unchanged source fingerprint; original log hashes revalidated. Only named lower-layer assertion is proven; not a new run or full Telegram journey.,,VERIFIED_PASS,REEXECUTED_ON_CHANGED_FINAL_SOURCE,YES,,,,NO_FOR_SIMULATED_SCOPE,VERIFIED_PASS,,Reused prior evidence; source unchanged at exact qualified head.,8b380d2f882ddf0e634c5d61e0d73d2c32f23220
COMP-024,LIFE-shutdown,Normal owned-worker join precedes pool close,Synthetic fixtures; application role where DB-backed,kas; isolated audit_ci/PostgreSQL namespace and disposable migration-test DBs,LOCAL_POSTGRES_TASK_LIFECYCLE,VERIFIED_PASS,local-fixes-20260914-02/final-suite.log:391; test=normal_shutdown_joins_active_worker_before_database_close,Reused prior execution at unchanged source fingerprint; original log hashes revalidated. Only named lower-layer assertion is proven; not a new run or full Telegram journey.,,VERIFIED_PASS,REEXECUTED_ON_CHANGED_FINAL_SOURCE,YES,,,,NO_FOR_SIMULATED_SCOPE,VERIFIED_PASS,,Reused prior evidence; source unchanged at exact qualified head.,8b380d2f882ddf0e634c5d61e0d73d2c32f23220
COMP-025,LIFE-shutdown,Drain deadline does not permit live worker to use a closed pool,Synthetic fixtures; application role where DB-backed,kas; isolated audit_ci/PostgreSQL namespace and disposable migration-test DBs,LOCAL_POSTGRES_TASK_LIFECYCLE,VERIFIED_PASS,local-fixes-20260914-02/final-suite.log:392; test=database_must_outlive_worker_after_drain_deadline,Reused prior execution at unchanged source fingerprint; original log hashes revalidated. Only named lower-layer assertion is proven; not a new run or full Telegram journey.,,VERIFIED_PASS,REEXECUTED_ON_CHANGED_FINAL_SOURCE,YES,,,,NO_FOR_SIMULATED_SCOPE,VERIFIED_PASS,,Reused prior evidence; source unchanged at exact qualified head.,8b380d2f882ddf0e634c5d61e0d73d2c32f23220
COMP-026,LIFE-shutdown,Cancellation during 0.3-second SQL releases connection,Synthetic fixtures; application role where DB-backed,kas; isolated audit_ci/PostgreSQL namespace and disposable migration-test DBs,LOCAL_POSTGRES_TASK_LIFECYCLE,VERIFIED_PASS,local-fixes-20260914-02/final-suite.log:397; test=shutdown_during_actual_sql_query_cancels_and_releases_connection,Reused prior execution at unchanged source fingerprint; original log hashes revalidated. Only named lower-layer assertion is proven; not a new run or full Telegram journey.,,VERIFIED_PASS,REEXECUTED_ON_CHANGED_FINAL_SOURCE,YES,,,,NO_FOR_SIMULATED_SCOPE,VERIFIED_PASS,,Reused prior evidence; source unchanged at exact qualified head.,8b380d2f882ddf0e634c5d61e0d73d2c32f23220
COMP-027,TASK-utxo_reward_analysis,Dropped parent receiver does not abandon owned child,Synthetic fixtures; application role where DB-backed,kas; isolated audit_ci/PostgreSQL namespace and disposable migration-test DBs,LOCAL_POSTGRES_TASK_LIFECYCLE,VERIFIED_PASS,local-fixes-20260914-02/final-suite.log:393; test=orphaned_child_is_cancelled_and_joined_even_if_parent_result_is_dropped,Reused prior execution at unchanged source fingerprint; original log hashes revalidated. Only named lower-layer assertion is proven; not a new run or full Telegram journey.,,VERIFIED_PASS,REEXECUTED_ON_CHANGED_FINAL_SOURCE,YES,,,,NO_FOR_SIMULATED_SCOPE,VERIFIED_PASS,,Reused prior evidence; source unchanged at exact qualified head.,8b380d2f882ddf0e634c5d61e0d73d2c32f23220
COMP-028,JOB-utxo_monitor_task,UTXO cache contention leaves scheduler health/cancellation responsive,Synthetic fixtures; application role where DB-backed,kas; isolated audit_ci/PostgreSQL namespace and disposable migration-test DBs,LOCAL_UNIT_SCHEDULER,VERIFIED_PASS,local-fixes-20260914-02/final-suite.log:86; test=wallet::wallet_use_cases::lifecycle_tests::utxo_cache_contention_does_not_starve_runtime_health_or_cancellation,Reused prior execution at unchanged source fingerprint; original log hashes revalidated. Only named lower-layer assertion is proven; not a new run or full Telegram journey.,,VERIFIED_PASS,REEXECUTED_ON_CHANGED_FINAL_SOURCE,YES,,,,NO_FOR_SIMULATED_SCOPE,VERIFIED_PASS,,Reused prior evidence; source unchanged at exact qualified head.,8b380d2f882ddf0e634c5d61e0d73d2c32f23220
COMP-029,JOB-kaspa_subscription_runtime,Disconnected subscription can recover when RPC connected flag is already set,Synthetic fixtures; application role where DB-backed,kas; isolated audit_ci/PostgreSQL namespace and disposable migration-test DBs,LOCAL_UNIT_STATE_MACHINE,VERIFIED_PASS,local-fixes-20260914-02/final-suite.log:21; test=infrastructure::node::subscription::tests::disconnected_subscription_recovers_when_rpc_is_already_connected,Reused prior execution at unchanged source fingerprint; original log hashes revalidated. Only named lower-layer assertion is proven; not a new run or full Telegram journey.,,VERIFIED_PASS,REEXECUTED_ON_CHANGED_FINAL_SOURCE,YES,,,,NO_FOR_SIMULATED_SCOPE,VERIFIED_PASS,,Reused prior evidence; source unchanged at exact qualified head.,8b380d2f882ddf0e634c5d61e0d73d2c32f23220
COMP-030,CB-confirm-pause,Confirmation is bound and single-use,Synthetic fixtures; application role where DB-backed,kas; isolated audit_ci/PostgreSQL namespace and disposable migration-test DBs,LOCAL_UNIT_AUTHORIZATION,VERIFIED_PASS,local-fixes-20260914-02/final-suite.log:69; test=presentation::telegram::handlers::admin_confirm::tests::confirmation_is_bound_to_actor_chat_message_and_is_single_use,Reused prior execution at unchanged source fingerprint; original log hashes revalidated. Only named lower-layer assertion is proven; not a new run or full Telegram journey.,,VERIFIED_PASS,REEXECUTED_ON_CHANGED_FINAL_SOURCE,YES,,,,NO_FOR_SIMULATED_SCOPE,VERIFIED_PASS,,Reused prior evidence; source unchanged at exact qualified head.,8b380d2f882ddf0e634c5d61e0d73d2c32f23220
COMP-031,CMD-logs,Long log response stays bounded and ordered,Synthetic fixtures; application role where DB-backed,kas; isolated audit_ci/PostgreSQL namespace and disposable migration-test DBs,LOCAL_UNIT_FORMATTING,VERIFIED_PASS,local-fixes-20260914-02/final-suite.log:45; test=infrastructure::recent_logs::tests::f06_log_response_bounds_long_events_and_keeps_newest_in_order,Reused prior execution at unchanged source fingerprint; original log hashes revalidated. Only named lower-layer assertion is proven; not a new run or full Telegram journey.,,VERIFIED_PASS,REEXECUTED_ON_CHANGED_FINAL_SOURCE,YES,,,,NO_FOR_SIMULATED_SCOPE,VERIFIED_PASS,,Reused prior evidence; source unchanged at exact qualified head.,8b380d2f882ddf0e634c5d61e0d73d2c32f23220
COMP-032,INT-coingecko-current,Current market parser rejects missing/nonpositive values,Synthetic fixtures; application role where DB-backed,kas; isolated audit_ci/PostgreSQL namespace and disposable migration-test DBs,LOCAL_UNIT_PROVIDER_PARSER,VERIFIED_PASS,local-fixes-20260914-02/final-suite.log:18; test=infrastructure::market::coingecko_adapter::tests::rejects_missing_or_non_positive_current_market_data,Reused prior execution at unchanged source fingerprint; original log hashes revalidated. Only named lower-layer assertion is proven; not a new run or full Telegram journey.,,VERIFIED_PASS,REEXECUTED_ON_CHANGED_FINAL_SOURCE,YES,,,,NO_FOR_SIMULATED_SCOPE,VERIFIED_PASS,,Reused prior evidence; source unchanged at exact qualified head.,8b380d2f882ddf0e634c5d61e0d73d2c32f23220
EDGE-001,CMD-fees,HTTP 200 fee JSON with missing or negative fee fields,Synthetic ordinary user and isolated provider/state fixture,Required isolated handler/full process,EXEC-02_COMPONENT_INTEGRATION_WITH_ISOLATED_HTTPS_AND_TELEGRAM_FIXTURES,VERIFIED_PASS,human-exec01-owner/edge001-invalid/missing-http.jsonl; human-exec01-owner/edge001-invalid/missing-telegram.jsonl; human-exec01-owner/edge001-invalid/negative-http.jsonl; human-exec01-owner/edge001-invalid/negative-telegram.jsonl; human-exec01-owner/edge001-invalid/result.txt,Component-level edge proof only under the matrix-approved EXEC-02 alternative; not EXEC-01/full-dispatcher/full-bot qualification.,REVIEW-001,BLOCKED,NEW_EXECUTION_THIS_ROUND,YES,((EXEC-01 AND BOOT-01) OR (EXEC-02 AND COMPONENT-01)) AND TG-01 AND IDENTITY-01 AND FEE-01,TG-01;IDENTITY-01;FEE-01,,NO_FOR_SIMULATED_SCOPE,VERIFIED_PASS,,Actual handle_fees called hard-coded api.kaspa.org HTTPS fixture. HTTP 200 missing and negative fee payloads both produced Telegram fallback only; invalid values were not rendered as live fees.,8b380d2f882ddf0e634c5d61e0d73d2c32f23220
EDGE-002,CB-cmd_add_wallet,Repeated invalid/raw nontext input after Add Wallet prompt,Synthetic ordinary user and isolated provider/state fixture,Required isolated handler/full process,STATIC_SOURCE_REVIEW; proposed reproduction not executed,BLOCKED,source-evidence.txt,"Tool-safety reason unresolved. Feature prerequisites are listed separately, including data/provider/schedule/product requirements. No new flow execution; no real-provider credential shortage inferred for a mock-only test.",REVIEW-002,BLOCKED,PRIOR_OUTCOME_RETAINED,NO,((EXEC-01 AND BOOT-01) OR (EXEC-02 AND COMPONENT-01)) AND TG-01 AND IDENTITY-01 AND DB-01,TG-01;IDENTITY-01;DB-01,,NO_FOR_SIMULATED_SCOPE,BLOCKED,"EXEC-02 component boundary is available, but this edge requires DB-01/AppContext state; dedicated task DB provisioning is TOOL_BLOCKED. No old-task DB reused.",exec02-result.json plus OPQUAL-DB-001-BLOCKED.json; no scenario-specific DB handler journey executed.,8b380d2f882ddf0e634c5d61e0d73d2c32f23220
EDGE-003,CB-wrd,Maintenance mode with pre-existing direct wallet callbacks,Synthetic ordinary user and isolated provider/state fixture,Required isolated handler/full process,STATIC_SOURCE_REVIEW; proposed reproduction not executed,BLOCKED,source-evidence.txt,"Tool-safety reason unresolved. Feature prerequisites are listed separately, including data/provider/schedule/product requirements. No new flow execution; no real-provider credential shortage inferred for a mock-only test.",AMBIGUITY-001,BLOCKED,PRIOR_OUTCOME_RETAINED,NO,((EXEC-01 AND BOOT-01) OR (EXEC-02 AND COMPONENT-01)) AND TG-01 AND IDENTITY-01 AND DB-01 AND REQ-MAINT,TG-01;IDENTITY-01;DB-01;REQ-MAINT,,NO_FOR_SIMULATED_SCOPE,BLOCKED,"EXEC-02 component boundary is available, but this edge requires DB-01/AppContext state; dedicated task DB provisioning is TOOL_BLOCKED. No old-task DB reused.",exec02-result.json plus OPQUAL-DB-001-BLOCKED.json; no scenario-specific DB handler journey executed.,8b380d2f882ddf0e634c5d61e0d73d2c32f23220
NA-web-ui,,"Website pages, browser UI layout/responsiveness",,,Architecture/documentation and source discovery,NOT_APPLICABLE,README.md; src/lib.rs; commands.rs; source inventory,"Repository provides a Telegram bot/service, not a website",,NOT_APPLICABLE,PRIOR_OUTCOME_RETAINED,NO,,,,NO_FOR_SIMULATED_SCOPE,NOT_APPLICABLE,,Reused prior evidence; source unchanged at exact qualified head.,8b380d2f882ddf0e634c5d61e0d73d2c32f23220
NA-password,,Native password login/logout/registration/reset,,,Architecture/documentation and source discovery,NOT_APPLICABLE,README.md; src/lib.rs; commands.rs; source inventory,Identity comes from Telegram actor/chat; no native password/account subsystem found,,NOT_APPLICABLE,PRIOR_OUTCOME_RETAINED,NO,,,,NO_FOR_SIMULATED_SCOPE,NOT_APPLICABLE,,Reused prior evidence; source unchanged at exact qualified head.,8b380d2f882ddf0e634c5d61e0d73d2c32f23220
NA-email,,Email workflows,,,Architecture/documentation and source discovery,NOT_APPLICABLE,README.md; src/lib.rs; commands.rs; source inventory,No application mail integration or mail workflow in discovered implementation,,NOT_APPLICABLE,PRIOR_OUTCOME_RETAINED,NO,,,,NO_FOR_SIMULATED_SCOPE,NOT_APPLICABLE,,Reused prior evidence; source unchanged at exact qualified head.,8b380d2f882ddf0e634c5d61e0d73d2c32f23220
NA-upload,,Document/image upload-import/export/printing workflows,,,Architecture/documentation and source discovery,NOT_APPLICABLE,README.md; src/lib.rs; commands.rs; source inventory,No advertised document/media processing workflow found; nontext Telegram inputs remain applicable validation edge cases,,NOT_APPLICABLE,PRIOR_OUTCOME_RETAINED,NO,,,,NO_FOR_SIMULATED_SCOPE,NOT_APPLICABLE,,Reused prior evidence; source unchanged at exact qualified head.,8b380d2f882ddf0e634c5d61e0d73d2c32f23220
NA-payments,,Real payments or blockchain signing/submission,,,Architecture/documentation and source discovery,NOT_APPLICABLE,README.md; src/lib.rs; commands.rs; source inventory,Application monitors public mining data and shows donation information; it does not implement spending/signing,,NOT_APPLICABLE,PRIOR_OUTCOME_RETAINED,NO,,,,NO_FOR_SIMULATED_SCOPE,NOT_APPLICABLE,,Reused prior evidence; source unchanged at exact qualified head.,8b380d2f882ddf0e634c5d61e0d73d2c32f23220
NA-desktop,,Native desktop/mobile GUI and IPC,,,Architecture/documentation and source discovery,NOT_APPLICABLE,README.md; src/lib.rs; commands.rs; source inventory,No desktop/mobile GUI or IPC application component in this repository,,NOT_APPLICABLE,PRIOR_OUTCOME_RETAINED,NO,,,,NO_FOR_SIMULATED_SCOPE,NOT_APPLICABLE,,Reused prior evidence; source unchanged at exact qualified head.,8b380d2f882ddf0e634c5d61e0d73d2c32f23220
INFRA-001,LIFE-pool-close,"Independent PG table-lock fixture: >12s confirmed wait, explicit release, client/backend cleanup and fresh connection",Existing test-owned audit_ci database; synthetic private table; approle waiter and admin holder/observer,"kas; same task-owned PostgreSQL 18.6 container, internal network, no host ports",ACTUAL_LOCAL_POSTGRES_FIXTURE_ONLY_NO_APPLICATION,VERIFIED_PASS,resume-20260914-01/pg-lock-result.json; pg-lock-fixture.log; holder.log; waiter.log,"New environment fixture assertion, not runtime_pool_options, SIGTERM app shutdown, UTXO ownership, dispatcher or restart proof.",,NEW_SCENARIO,PRIOR_POSTGRES_INFRA_ONLY_NOT_RERUN,NO,,PRE-PG,,NO,VERIFIED_PASS,,Reused prior evidence; source unchanged at exact qualified head.,8b380d2f882ddf0e634c5d61e0d73d2c32f23220
GAP-CANCEL-001,CB-cancel_action,Stale Cancel message cannot remove a newer pending prompt; current prompt cancellation remains actor/chat scoped,Synthetic identities/data and already authorized component boundary,kas; in-repository tests; PostgreSQL internal task-owned network where required,PURE_REAL_STATE_FUNCTION,VERIFIED_PASS,"local-fixes-20260914-02/final-suite.log lines 57,55","Grouped component scenario, not a complete bot/dispatcher/provider journey. No main/SIGTERM or real Telegram execution.",REVIEW-003,NEW_DISCOVERED_GAP,NEW_EXECUTION_ON_FINAL_SOURCE,YES,,,,NO,VERIFIED_PASS,,Reused prior evidence; source unchanged at exact qualified head.,8b380d2f882ddf0e634c5d61e0d73d2c32f23220
GAP-DRAIN-001,LIFE-shutdown,Dropping actual TaskSupervisor drain future preserves worker ownership; retry cannot report premature success,Synthetic identities/data and already authorized component boundary,kas; in-repository tests; PostgreSQL internal task-owned network where required,ASYNC_IN_MEMORY_TASK_OWNERSHIP,VERIFIED_PASS,"local-fixes-20260914-02/final-suite.log lines 41,33","Grouped component scenario, not a complete bot/dispatcher/provider journey. No main/SIGTERM or real Telegram execution.",LIFECYCLE-002,NEW_DISCOVERED_GAP,NEW_EXECUTION_ON_FINAL_SOURCE,YES,,,,NO,VERIFIED_PASS,,Reused prior evidence; source unchanged at exact qualified head.,8b380d2f882ddf0e634c5d61e0d73d2c32f23220
GAP-PRIVACY-001,"CMD-forget_all,JOB-utxo_monitor_task",Actual repository deletion excludes stale recipients and orphan writes; overlapping outbox waits for deletion; valid re-subscription still works,Synthetic identities/data and already authorized component boundary,kas; in-repository tests; PostgreSQL internal task-owned network where required,ACTUAL_ISOLATED_POSTGRES_REPOSITORY,VERIFIED_PASS,"local-fixes-20260914-02/final-suite.log lines 469,470,471,465,467","Grouped component scenario, not a complete bot/dispatcher/provider journey. No main/SIGTERM or real Telegram execution.",PRIVACY-001,NEW_DISCOVERED_GAP,NEW_EXECUTION_ON_FINAL_SOURCE,YES,,,,NO,VERIFIED_PASS,,Reused prior evidence; source unchanged at exact qualified head.,8b380d2f882ddf0e634c5d61e0d73d2c32f23220
GAP-QUEUE-001,JOB-telegram_delivery_worker,Actual claim/reclaim acknowledgements reject old attempt identity and duplicate completion without overwriting current state,Synthetic identities/data and already authorized component boundary,kas; in-repository tests; PostgreSQL internal task-owned network where required,ACTUAL_ISOLATED_POSTGRES_QUEUE,VERIFIED_PASS,"local-fixes-20260914-02/final-suite.log lines 413,414,409","Grouped component scenario, not a complete bot/dispatcher/provider journey. No main/SIGTERM or real Telegram execution.",QUEUE-001,NEW_DISCOVERED_GAP,NEW_EXECUTION_ON_FINAL_SOURCE,YES,,,,NO,VERIFIED_PASS,,Reused prior evidence; source unchanged at exact qualified head.,8b380d2f882ddf0e634c5d61e0d73d2c32f23220
